<?xml version="1.0" encoding="UTF-8"?><alto xmlns="http://www.loc.gov/standards/alto/ns-v3#" xmlns:xlink="http://www.w3.org/TR/xlink" xmlns:xsi="http://www.w3.org/2001/XMLSchema-instance" SCHEMAVERSION="alto_bnf-v2_0" xsi:schemaLocation="http://www.loc.gov/standards/alto/ns-v3# http://bibnum.bnf.fr/schema/alto_bnf-v2_0.xsd">
<Description><MeasurementUnit>pixel</MeasurementUnit><sourceImageInformation><fileName>00000014.tif</fileName><fileIdentifier>ark:/12148/bpt6k5628146t/f14</fileIdentifier><documentIdentifier documentIdentifierLocation="NUM">5628146</documentIdentifier></sourceImageInformation><OCRProcessing ID="OCR_1"><ocrProcessingStep><processingDateTime>2019-01-17</processingDateTime><processingStepDescription>[001_OCR_BRUT]OCR BRUT 64.72 %</processingStepDescription><processingStepDescription>[002_CHARS]{534}</processingStepDescription><processingStepDescription>[007_STRINGS]{114}</processingStepDescription><processingSoftware><softwareCreator>ABBYY</softwareCreator><softwareName>ABBYY FineReader Engine</softwareName><softwareVersion>11</softwareVersion></processingSoftware></ocrProcessingStep></OCRProcessing></Description>
<Styles>
</Styles>
<Layout>
<Page ACCURACY="64.72" HEIGHT="1629" ID="PAG_00000014" PHYSICAL_IMG_NR="14" QUALITY="OK" WIDTH="999">
<TopMargin HEIGHT="112" HPOS="0" ID="PAG_00000014_TopMargin" VPOS="0" WIDTH="999">
</TopMargin>
<LeftMargin HEIGHT="1224" HPOS="0" ID="PAG_00000014_LeftMargin" VPOS="112" WIDTH="171">
</LeftMargin>
<RightMargin HEIGHT="1224" HPOS="860" ID="PAG_00000014_RightMargin" VPOS="112" WIDTH="139">
</RightMargin>
<BottomMargin HEIGHT="293" HPOS="0" ID="PAG_00000014_BottomMargin" VPOS="1336" WIDTH="999">
</BottomMargin>
<PrintSpace HEIGHT="1224" HPOS="171" ID="PAG_00000014_PrintSpace" VPOS="112" WIDTH="689">
<TextBlock HEIGHT="44" HPOS="486" ID="PAG_00000014_TB000001" VPOS="112" WIDTH="57" language="fr">
<TextLine HEIGHT="32" HPOS="492" ID="PAG_00000014_TL000001" VPOS="118" WIDTH="45"><String CONTENT="41" HEIGHT="32" HPOS="492" ID="PAG_00000014_ST000001" VPOS="118" WC="0.3000000119" WIDTH="45"/></TextLine>
</TextBlock>
<TextBlock HEIGHT="1156" HPOS="171" ID="PAG_00000014_TB000002" VPOS="180" WIDTH="689" language="fr">
<TextLine HEIGHT="47" HPOS="178" ID="PAG_00000014_TL000002" VPOS="186" WIDTH="668"><String CONTENT="fructifièrent" HEIGHT="36" HPOS="178" ID="PAG_00000014_ST000002" VPOS="186" WC="0.6769230962" WIDTH="212"/><SP HPOS="391" ID="PAG_00000014_SP000001" VPOS="194" WIDTH="24"/><String CONTENT="au" HEIGHT="22" HPOS="416" ID="PAG_00000014_ST000003" VPOS="200" WC="0.6200000048" WIDTH="41"/><SP HPOS="458" ID="PAG_00000014_SP000002" VPOS="200" WIDTH="21"/><String CONTENT="centuple." HEIGHT="43" HPOS="480" ID="PAG_00000014_ST000004" VPOS="190" WC="0.6377778053" WIDTH="163"/><SP HPOS="644" ID="PAG_00000014_SP000003" VPOS="189" WIDTH="25"/><String CONTENT="Augustine" HEIGHT="44" HPOS="670" ID="PAG_00000014_ST000005" VPOS="189" WC="0.4833333194" WIDTH="176"/></TextLine>
<TextLine HEIGHT="44" HPOS="177" ID="PAG_00000014_TL000003" VPOS="246" WIDTH="671"><String CONTENT="répondait" HEIGHT="44" HPOS="177" ID="PAG_00000014_ST000006" VPOS="246" WC="0.6055555344" WIDTH="172"/><SP HPOS="350" ID="PAG_00000014_SP000004" VPOS="248" WIDTH="22"/><String CONTENT="de" HEIGHT="32" HPOS="373" ID="PAG_00000014_ST000007" VPOS="248" WC="0.7850000262" WIDTH="40"/><SP HPOS="414" ID="PAG_00000014_SP000005" VPOS="258" WIDTH="17"/><String CONTENT="son" HEIGHT="22" HPOS="432" ID="PAG_00000014_ST000008" VPOS="258" WC="0.5299999714" WIDTH="57"/><SP HPOS="490" ID="PAG_00000014_SP000006" VPOS="259" WIDTH="18"/><String CONTENT="mieux" HEIGHT="31" HPOS="509" ID="PAG_00000014_ST000009" VPOS="249" WC="0.6579999924" WIDTH="112"/><SP HPOS="622" ID="PAG_00000014_SP000007" VPOS="247" WIDTH="23"/><String CONTENT="à" HEIGHT="33" HPOS="646" ID="PAG_00000014_ST000010" VPOS="247" WC="0.349999994" WIDTH="19"/><SP HPOS="666" ID="PAG_00000014_SP000008" VPOS="247" WIDTH="21"/><String CONTENT="des" HEIGHT="31" HPOS="688" ID="PAG_00000014_ST000011" VPOS="249" WC="0.7799999714" WIDTH="54"/><SP HPOS="743" ID="PAG_00000014_SP000009" VPOS="258" WIDTH="18"/><String CONTENT="soins" HEIGHT="32" HPOS="762" ID="PAG_00000014_ST000012" VPOS="248" WC="0.4359999895" WIDTH="86"/></TextLine>
<TextLine HEIGHT="41" HPOS="178" ID="PAG_00000014_TL000004" VPOS="306" WIDTH="670"><String CONTENT="aussi" HEIGHT="31" HPOS="178" ID="PAG_00000014_ST000013" VPOS="306" WC="0.7340000272" WIDTH="85"/><SP HPOS="264" ID="PAG_00000014_SP000010" VPOS="306" WIDTH="20"/><String CONTENT="tendres" HEIGHT="32" HPOS="285" ID="PAG_00000014_ST000014" VPOS="307" WC="0.8842856884" WIDTH="128"/><SP HPOS="414" ID="PAG_00000014_SP000011" VPOS="317" WIDTH="11"/><String CONTENT="," HEIGHT="17" HPOS="426" ID="PAG_00000014_ST000015" VPOS="330" WC="0.5500000119" WIDTH="9"/><SP HPOS="436" ID="PAG_00000014_SP000012" VPOS="317" WIDTH="23"/><String CONTENT="aussi" HEIGHT="31" HPOS="460" ID="PAG_00000014_ST000016" VPOS="307" WC="0.7879999876" WIDTH="83"/><SP HPOS="544" ID="PAG_00000014_SP000013" VPOS="307" WIDTH="25"/><String CONTENT="affectueux" HEIGHT="31" HPOS="570" ID="PAG_00000014_ST000017" VPOS="308" WC="0.625" WIDTH="179"/><SP HPOS="750" ID="PAG_00000014_SP000014" VPOS="317" WIDTH="10"/><String CONTENT=";" HEIGHT="27" HPOS="761" ID="PAG_00000014_ST000018" VPOS="320" WC="0.25" WIDTH="9"/><SP HPOS="771" ID="PAG_00000014_SP000015" VPOS="318" WIDTH="15"/><String CONTENT="elle" HEIGHT="31" HPOS="787" ID="PAG_00000014_ST000019" VPOS="307" WC="0.6775000095" WIDTH="61"/></TextLine>
<TextLine HEIGHT="45" HPOS="179" ID="PAG_00000014_TL000005" VPOS="363" WIDTH="668"><String CONTENT="était" HEIGHT="32" HPOS="179" ID="PAG_00000014_ST000020" VPOS="363" WC="0.6499999762" WIDTH="81"/><SP HPOS="261" ID="PAG_00000014_SP000016" VPOS="370" WIDTH="26"/><String CONTENT="pour" HEIGHT="33" HPOS="288" ID="PAG_00000014_ST000021" VPOS="375" WC="0.5525000095" WIDTH="86"/><SP HPOS="375" ID="PAG_00000014_SP000017" VPOS="376" WIDTH="24"/><String CONTENT="sa" HEIGHT="19" HPOS="400" ID="PAG_00000014_ST000022" VPOS="377" WC="1" WIDTH="33"/><SP HPOS="434" ID="PAG_00000014_SP000018" VPOS="375" WIDTH="22"/><String CONTENT="mère" HEIGHT="32" HPOS="457" ID="PAG_00000014_ST000023" VPOS="365" WC="0.5375000238" WIDTH="89"/><SP HPOS="547" ID="PAG_00000014_SP000019" VPOS="376" WIDTH="22"/><String CONTENT="une" HEIGHT="20" HPOS="570" ID="PAG_00000014_ST000024" VPOS="376" WC="0.5933333039" WIDTH="66"/><SP HPOS="637" ID="PAG_00000014_SP000020" VPOS="376" WIDTH="26"/><String CONTENT="source" HEIGHT="22" HPOS="664" ID="PAG_00000014_ST000025" VPOS="374" WC="0.801666677" WIDTH="113"/><SP HPOS="778" ID="PAG_00000014_SP000021" VPOS="366" WIDTH="28"/><String CONTENT="de" HEIGHT="30" HPOS="807" ID="PAG_00000014_ST000026" VPOS="366" WC="1" WIDTH="40"/></TextLine>
<TextLine HEIGHT="38" HPOS="182" ID="PAG_00000014_TL000006" VPOS="422" WIDTH="666"><String CONTENT="consolations." HEIGHT="30" HPOS="182" ID="PAG_00000014_ST000027" VPOS="423" WC="0.757692337" WIDTH="228"/><SP HPOS="411" ID="PAG_00000014_SP000022" VPOS="434" WIDTH="16"/><String CONTENT="«" HEIGHT="18" HPOS="428" ID="PAG_00000014_ST000028" VPOS="434" WC="1" WIDTH="16"/><SP HPOS="445" ID="PAG_00000014_SP000023" VPOS="422" WIDTH="19"/><String CONTENT="Oui," HEIGHT="38" HPOS="465" ID="PAG_00000014_ST000029" VPOS="422" WC="0.5500000119" WIDTH="79"/><SP HPOS="545" ID="PAG_00000014_SP000024" VPOS="433" WIDTH="17"/><String CONTENT="nous" HEIGHT="21" HPOS="563" ID="PAG_00000014_ST000030" VPOS="432" WC="0.5975000262" WIDTH="82"/><SP HPOS="646" ID="PAG_00000014_SP000025" VPOS="422" WIDTH="11"/><String CONTENT="disait" HEIGHT="31" HPOS="658" ID="PAG_00000014_ST000031" VPOS="422" WC="0.8299999833" WIDTH="94"/><SP HPOS="753" ID="PAG_00000014_SP000026" VPOS="427" WIDTH="11"/><String CONTENT="cette" HEIGHT="26" HPOS="765" ID="PAG_00000014_ST000032" VPOS="427" WC="0.8180000186" WIDTH="83"/></TextLine>
<TextLine HEIGHT="40" HPOS="183" ID="PAG_00000014_TL000007" VPOS="478" WIDTH="665"><String CONTENT="»" HEIGHT="19" HPOS="183" ID="PAG_00000014_ST000033" VPOS="489" WC="0.5899999738" WIDTH="17"/><SP HPOS="201" ID="PAG_00000014_SP000027" VPOS="478" WIDTH="22"/><String CONTENT="bonne" HEIGHT="32" HPOS="224" ID="PAG_00000014_ST000034" VPOS="478" WC="0.5479999781" WIDTH="109"/><SP HPOS="334" ID="PAG_00000014_SP000028" VPOS="490" WIDTH="23"/><String CONTENT="mère," HEIGHT="39" HPOS="358" ID="PAG_00000014_ST000035" VPOS="479" WC="0.6880000234" WIDTH="108"/><SP HPOS="467" ID="PAG_00000014_SP000029" VPOS="480" WIDTH="19"/><String CONTENT="de" HEIGHT="31" HPOS="487" ID="PAG_00000014_ST000036" VPOS="480" WC="1" WIDTH="39"/><SP HPOS="527" ID="PAG_00000014_SP000030" VPOS="485" WIDTH="20"/><String CONTENT="tous" HEIGHT="26" HPOS="548" ID="PAG_00000014_ST000037" VPOS="485" WC="0.7549999952" WIDTH="73"/><SP HPOS="622" ID="PAG_00000014_SP000031" VPOS="490" WIDTH="15"/><String CONTENT="mes" HEIGHT="21" HPOS="638" ID="PAG_00000014_ST000038" VPOS="490" WC="0.8666666746" WIDTH="68"/><SP HPOS="707" ID="PAG_00000014_SP000032" VPOS="491" WIDTH="14"/><String CONTENT="enfants" HEIGHT="32" HPOS="722" ID="PAG_00000014_ST000039" VPOS="479" WC="0.5571428537" WIDTH="126"/></TextLine>
<TextLine HEIGHT="43" HPOS="183" ID="PAG_00000014_TL000008" VPOS="536" WIDTH="666"><String CONTENT="»" HEIGHT="21" HPOS="183" ID="PAG_00000014_ST000040" VPOS="546" WC="0.6600000262" WIDTH="16"/><SP HPOS="200" ID="PAG_00000014_SP000033" VPOS="537" WIDTH="23"/><String CONTENT="il" HEIGHT="30" HPOS="224" ID="PAG_00000014_ST000041" VPOS="537" WC="0.5899999738" WIDTH="25"/><SP HPOS="250" ID="PAG_00000014_SP000034" VPOS="537" WIDTH="30"/><String CONTENT="n’en" HEIGHT="32" HPOS="281" ID="PAG_00000014_ST000042" VPOS="536" WC="0.7825000286" WIDTH="73"/><SP HPOS="355" ID="PAG_00000014_SP000035" VPOS="548" WIDTH="23"/><String CONTENT="est" HEIGHT="26" HPOS="379" ID="PAG_00000014_ST000043" VPOS="542" WC="0.896666646" WIDTH="48"/><SP HPOS="428" ID="PAG_00000014_SP000036" VPOS="542" WIDTH="30"/><String CONTENT="aucun" HEIGHT="21" HPOS="459" ID="PAG_00000014_ST000044" VPOS="548" WC="0.80400002" WIDTH="107"/><SP HPOS="567" ID="PAG_00000014_SP000037" VPOS="548" WIDTH="23"/><String CONTENT="qui" HEIGHT="40" HPOS="591" ID="PAG_00000014_ST000045" VPOS="538" WC="0.4799999893" WIDTH="57"/><SP HPOS="649" ID="PAG_00000014_SP000038" VPOS="538" WIDTH="35"/><String CONTENT="ait" HEIGHT="30" HPOS="685" ID="PAG_00000014_ST000046" VPOS="538" WC="0.9399999976" WIDTH="45"/><SP HPOS="731" ID="PAG_00000014_SP000039" VPOS="543" WIDTH="31"/><String CONTENT="pour" HEIGHT="32" HPOS="763" ID="PAG_00000014_ST000047" VPOS="547" WC="0.6374999881" WIDTH="86"/></TextLine>
<TextLine HEIGHT="43" HPOS="184" ID="PAG_00000014_TL000009" VPOS="594" WIDTH="666"><String CONTENT="»" HEIGHT="20" HPOS="184" ID="PAG_00000014_ST000048" VPOS="604" WC="0.5899999738" WIDTH="17"/><SP HPOS="202" ID="PAG_00000014_SP000040" VPOS="604" WIDTH="23"/><String CONTENT="moi" HEIGHT="31" HPOS="226" ID="PAG_00000014_ST000049" VPOS="595" WC="0.8899999857" WIDTH="67"/><SP HPOS="294" ID="PAG_00000014_SP000041" VPOS="595" WIDTH="21"/><String CONTENT="autant" HEIGHT="26" HPOS="316" ID="PAG_00000014_ST000050" VPOS="600" WC="0.7250000238" WIDTH="114"/><SP HPOS="431" ID="PAG_00000014_SP000042" VPOS="595" WIDTH="20"/><String CONTENT="d’attention" HEIGHT="32" HPOS="452" ID="PAG_00000014_ST000051" VPOS="594" WC="0.8845454454" WIDTH="192"/><SP HPOS="645" ID="PAG_00000014_SP000043" VPOS="605" WIDTH="20"/><String CONTENT="qu’Augus-" HEIGHT="43" HPOS="666" ID="PAG_00000014_ST000052" VPOS="594" WC="0.6522222161" WIDTH="184"/></TextLine>
<TextLine HEIGHT="38" HPOS="184" ID="PAG_00000014_TL000010" VPOS="652" WIDTH="667"><String CONTENT="»" HEIGHT="20" HPOS="184" ID="PAG_00000014_ST000053" VPOS="661" WC="0.5099999905" WIDTH="17"/><SP HPOS="202" ID="PAG_00000014_SP000044" VPOS="657" WIDTH="24"/><String CONTENT="tine," HEIGHT="38" HPOS="227" ID="PAG_00000014_ST000054" VPOS="652" WC="0.6499999762" WIDTH="89"/><SP HPOS="317" ID="PAG_00000014_SP000045" VPOS="663" WIDTH="23"/><String CONTENT="elle" HEIGHT="29" HPOS="341" ID="PAG_00000014_ST000055" VPOS="653" WC="0.875" WIDTH="59"/><SP HPOS="401" ID="PAG_00000014_SP000046" VPOS="663" WIDTH="26"/><String CONTENT="va" HEIGHT="21" HPOS="428" ID="PAG_00000014_ST000056" VPOS="663" WC="0.2800000012" WIDTH="38"/><SP HPOS="467" ID="PAG_00000014_SP000047" VPOS="663" WIDTH="25"/><String CONTENT="au-devant" HEIGHT="31" HPOS="493" ID="PAG_00000014_ST000057" VPOS="653" WC="0.6777777672" WIDTH="179"/><SP HPOS="673" ID="PAG_00000014_SP000048" VPOS="653" WIDTH="35"/><String CONTENT="de" HEIGHT="30" HPOS="709" ID="PAG_00000014_ST000058" VPOS="653" WC="1" WIDTH="38"/><SP HPOS="748" ID="PAG_00000014_SP000049" VPOS="658" WIDTH="28"/><String CONTENT="tous" HEIGHT="26" HPOS="777" ID="PAG_00000014_ST000059" VPOS="658" WC="0.9449999928" WIDTH="74"/></TextLine>
<TextLine HEIGHT="42" HPOS="186" ID="PAG_00000014_TL000011" VPOS="709" WIDTH="666"><String CONTENT="»" HEIGHT="21" HPOS="186" ID="PAG_00000014_ST000060" VPOS="718" WC="0.4300000072" WIDTH="17"/><SP HPOS="204" ID="PAG_00000014_SP000050" VPOS="718" WIDTH="22"/><String CONTENT="mes" HEIGHT="20" HPOS="227" ID="PAG_00000014_ST000061" VPOS="719" WC="1" WIDTH="70"/><SP HPOS="298" ID="PAG_00000014_SP000051" VPOS="709" WIDTH="24"/><String CONTENT="désirs" HEIGHT="31" HPOS="323" ID="PAG_00000014_ST000062" VPOS="709" WC="0.698333323" WIDTH="99"/><SP HPOS="423" ID="PAG_00000014_SP000052" VPOS="720" WIDTH="37"/><String CONTENT="et" HEIGHT="25" HPOS="461" ID="PAG_00000014_ST000063" VPOS="715" WC="0.7599999905" WIDTH="32"/><SP HPOS="494" ID="PAG_00000014_SP000053" VPOS="715" WIDTH="25"/><String CONTENT="se" HEIGHT="20" HPOS="520" ID="PAG_00000014_ST000064" VPOS="720" WC="0.7300000191" WIDTH="32"/><SP HPOS="553" ID="PAG_00000014_SP000054" VPOS="709" WIDTH="25"/><String CONTENT="fait" HEIGHT="31" HPOS="579" ID="PAG_00000014_ST000065" VPOS="709" WC="0.5724999905" WIDTH="58"/><SP HPOS="638" ID="PAG_00000014_SP000055" VPOS="715" WIDTH="24"/><String CONTENT="un" HEIGHT="20" HPOS="663" ID="PAG_00000014_ST000066" VPOS="720" WC="0.349999994" WIDTH="45"/><SP HPOS="709" ID="PAG_00000014_SP000056" VPOS="720" WIDTH="31"/><String CONTENT="plaisir" HEIGHT="41" HPOS="741" ID="PAG_00000014_ST000067" VPOS="710" WC="0.7542856932" WIDTH="111"/></TextLine>
<TextLine HEIGHT="35" HPOS="186" ID="PAG_00000014_TL000012" VPOS="765" WIDTH="665"><String CONTENT="»" HEIGHT="18" HPOS="186" ID="PAG_00000014_ST000068" VPOS="777" WC="0.8199999928" WIDTH="16"/><SP HPOS="203" ID="PAG_00000014_SP000057" VPOS="766" WIDTH="26"/><String CONTENT="d’exécuter" HEIGHT="33" HPOS="230" ID="PAG_00000014_ST000069" VPOS="765" WC="0.7129999995" WIDTH="191"/><SP HPOS="422" ID="PAG_00000014_SP000058" VPOS="777" WIDTH="23"/><String CONTENT="mes" HEIGHT="21" HPOS="446" ID="PAG_00000014_ST000070" VPOS="778" WC="0.7300000191" WIDTH="69"/><SP HPOS="516" ID="PAG_00000014_SP000059" VPOS="778" WIDTH="25"/><String CONTENT="moindres" HEIGHT="32" HPOS="542" ID="PAG_00000014_ST000071" VPOS="768" WC="0.9087499976" WIDTH="164"/><SP HPOS="707" ID="PAG_00000014_SP000060" VPOS="778" WIDTH="28"/><String CONTENT="volou-" HEIGHT="31" HPOS="736" ID="PAG_00000014_ST000072" VPOS="769" WC="0.7250000238" WIDTH="115"/></TextLine>
<TextLine HEIGHT="34" HPOS="185" ID="PAG_00000014_TL000013" VPOS="824" WIDTH="146"><String CONTENT="»" HEIGHT="22" HPOS="185" ID="PAG_00000014_ST000073" VPOS="833" WC="0.5699999928" WIDTH="17"/><SP HPOS="203" ID="PAG_00000014_SP000061" VPOS="829" WIDTH="23"/><String CONTENT="tés." HEIGHT="33" HPOS="227" ID="PAG_00000014_ST000074" VPOS="824" WC="0.7549999952" WIDTH="60"/><SP HPOS="288" ID="PAG_00000014_SP000062" VPOS="835" WIDTH="26"/><String CONTENT="»" HEIGHT="23" HPOS="315" ID="PAG_00000014_ST000075" VPOS="835" WC="0.3700000048" WIDTH="16"/></TextLine>
<TextLine HEIGHT="42" HPOS="230" ID="PAG_00000014_TL000014" VPOS="940" WIDTH="621"><String CONTENT="Elle" HEIGHT="31" HPOS="230" ID="PAG_00000014_ST000076" VPOS="940" WC="0.5799999833" WIDTH="66"/><SP HPOS="297" ID="PAG_00000014_SP000063" VPOS="952" WIDTH="26"/><String CONTENT="n’était" HEIGHT="31" HPOS="324" ID="PAG_00000014_ST000077" VPOS="940" WC="0.6071428657" WIDTH="111"/><SP HPOS="436" ID="PAG_00000014_SP000064" VPOS="947" WIDTH="29"/><String CONTENT="pourtant" HEIGHT="36" HPOS="466" ID="PAG_00000014_ST000078" VPOS="946" WC="0.5137500167" WIDTH="159"/><SP HPOS="626" ID="PAG_00000014_SP000065" VPOS="946" WIDTH="26"/><String CONTENT="point" HEIGHT="41" HPOS="653" ID="PAG_00000014_ST000079" VPOS="941" WC="0.5559999943" WIDTH="94"/><SP HPOS="748" ID="PAG_00000014_SP000066" VPOS="946" WIDTH="30"/><String CONTENT="sans" HEIGHT="22" HPOS="779" ID="PAG_00000014_ST000080" VPOS="949" WC="0.5674999952" WIDTH="72"/></TextLine>
<TextLine HEIGHT="39" HPOS="184" ID="PAG_00000014_TL000015" VPOS="996" WIDTH="669"><String CONTENT="défauts," HEIGHT="39" HPOS="184" ID="PAG_00000014_ST000081" VPOS="996" WC="0.4162499905" WIDTH="147"/><SP HPOS="332" ID="PAG_00000014_SP000067" VPOS="1007" WIDTH="28"/><String CONTENT="mais" HEIGHT="29" HPOS="361" ID="PAG_00000014_ST000082" VPOS="998" WC="0.7275000215" WIDTH="81"/><SP HPOS="443" ID="PAG_00000014_SP000068" VPOS="998" WIDTH="27"/><String CONTENT="ils" HEIGHT="29" HPOS="471" ID="PAG_00000014_ST000083" VPOS="998" WC="0.6266666651" WIDTH="37"/><SP HPOS="509" ID="PAG_00000014_SP000069" VPOS="996" WIDTH="25"/><String CONTENT="étaient" HEIGHT="32" HPOS="535" ID="PAG_00000014_ST000084" VPOS="996" WC="0.812857151" WIDTH="119"/><SP HPOS="655" ID="PAG_00000014_SP000070" VPOS="997" WIDTH="19"/><String CONTENT="de" HEIGHT="30" HPOS="675" ID="PAG_00000014_ST000085" VPOS="997" WC="0.5099999905" WIDTH="38"/><SP HPOS="714" ID="PAG_00000014_SP000071" VPOS="1007" WIDTH="20"/><String CONTENT="ces" HEIGHT="21" HPOS="735" ID="PAG_00000014_ST000086" VPOS="1006" WC="0.9499999881" WIDTH="51"/><SP HPOS="787" ID="PAG_00000014_SP000072" VPOS="997" WIDTH="11"/><String CONTENT="dé" HEIGHT="30" HPOS="799" ID="PAG_00000014_ST000087" SUBS_CONTENT="défauts" SUBS_TYPE="HypPart1" VPOS="997" WC="0.6100000143" WIDTH="38"/><HYP CONTENT="­"/></TextLine>
<TextLine HEIGHT="42" HPOS="184" ID="PAG_00000014_TL000016" VPOS="1053" WIDTH="669"><String CONTENT="fauts" HEIGHT="31" HPOS="184" ID="PAG_00000014_ST000088" SUBS_CONTENT="défauts" SUBS_TYPE="HypPart2" VPOS="1054" WC="0.3680000007" WIDTH="84"/><SP HPOS="269" ID="PAG_00000014_SP000073" VPOS="1065" WIDTH="36"/><String CONTENT="ordinaires" HEIGHT="31" HPOS="306" ID="PAG_00000014_ST000089" VPOS="1055" WC="0.6859999895" WIDTH="178"/><SP HPOS="485" ID="PAG_00000014_SP000074" VPOS="1054" WIDTH="22"/><String CONTENT="à" HEIGHT="30" HPOS="508" ID="PAG_00000014_ST000090" VPOS="1054" WC="0.2300000042" WIDTH="18"/><SP HPOS="527" ID="PAG_00000014_SP000075" VPOS="1054" WIDTH="28"/><String CONTENT="l’enfance" HEIGHT="32" HPOS="556" ID="PAG_00000014_ST000091" VPOS="1053" WC="0.6800000072" WIDTH="157"/><SP HPOS="714" ID="PAG_00000014_SP000076" VPOS="1065" WIDTH="22"/><String CONTENT="et" HEIGHT="26" HPOS="737" ID="PAG_00000014_ST000092" VPOS="1059" WC="0.5749999881" WIDTH="32"/><SP HPOS="770" ID="PAG_00000014_SP000077" VPOS="1059" WIDTH="25"/><String CONTENT="qui" HEIGHT="40" HPOS="796" ID="PAG_00000014_ST000093" VPOS="1055" WC="0.6133333445" WIDTH="57"/></TextLine>
<TextLine HEIGHT="43" HPOS="183" ID="PAG_00000014_TL000017" VPOS="1111" WIDTH="667"><String CONTENT="plaisent" HEIGHT="41" HPOS="183" ID="PAG_00000014_ST000094" VPOS="1113" WC="0.6312500238" WIDTH="139"/><SP HPOS="323" ID="PAG_00000014_SP000078" VPOS="1119" WIDTH="25"/><String CONTENT="quelquefois" HEIGHT="42" HPOS="349" ID="PAG_00000014_ST000095" VPOS="1111" WC="0.6572727561" WIDTH="202"/><SP HPOS="552" ID="PAG_00000014_SP000079" VPOS="1112" WIDTH="32"/><String CONTENT="dans" HEIGHT="30" HPOS="585" ID="PAG_00000014_ST000096" VPOS="1112" WC="0.8525000215" WIDTH="78"/><SP HPOS="664" ID="PAG_00000014_SP000080" VPOS="1122" WIDTH="33"/><String CONTENT="cet" HEIGHT="25" HPOS="698" ID="PAG_00000014_ST000097" VPOS="1117" WC="0.676666677" WIDTH="51"/><SP HPOS="750" ID="PAG_00000014_SP000081" VPOS="1111" WIDTH="29"/><String CONTENT="âge." HEIGHT="41" HPOS="780" ID="PAG_00000014_ST000098" VPOS="1111" WC="0.5375000238" WIDTH="70"/></TextLine>
<TextLine HEIGHT="40" HPOS="183" ID="PAG_00000014_TL000018" VPOS="1168" WIDTH="670"><String CONTENT="D’une" HEIGHT="32" HPOS="183" ID="PAG_00000014_ST000099" VPOS="1170" WC="0.4499999881" WIDTH="104"/><SP HPOS="288" ID="PAG_00000014_SP000082" VPOS="1181" WIDTH="21"/><String CONTENT="vivacité" HEIGHT="34" HPOS="310" ID="PAG_00000014_ST000100" VPOS="1169" WC="0.7350000143" WIDTH="135"/><SP HPOS="446" ID="PAG_00000014_SP000083" VPOS="1169" WIDTH="15"/><String CONTENT="extraordinaire" HEIGHT="31" HPOS="462" ID="PAG_00000014_ST000101" VPOS="1170" WC="0.6478571296" WIDTH="252"/><SP HPOS="715" ID="PAG_00000014_SP000084" VPOS="1180" WIDTH="12"/><String CONTENT="," HEIGHT="17" HPOS="728" ID="PAG_00000014_ST000102" VPOS="1191" WC="0.5699999928" WIDTH="9"/><SP HPOS="738" ID="PAG_00000014_SP000085" VPOS="1169" WIDTH="18"/><String CONTENT="d’une" HEIGHT="31" HPOS="757" ID="PAG_00000014_ST000103" VPOS="1168" WC="0.5400000215" WIDTH="96"/></TextLine>
<TextLine HEIGHT="44" HPOS="184" ID="PAG_00000014_TL000019" VPOS="1227" WIDTH="669"><String CONTENT="pétulance" HEIGHT="43" HPOS="184" ID="PAG_00000014_ST000104" VPOS="1228" WC="0.7166666389" WIDTH="173"/><SP HPOS="358" ID="PAG_00000014_SP000086" VPOS="1239" WIDTH="34"/><String CONTENT="sans" HEIGHT="21" HPOS="393" ID="PAG_00000014_ST000105" VPOS="1238" WC="0.7124999762" WIDTH="72"/><SP HPOS="466" ID="PAG_00000014_SP000087" VPOS="1227" WIDTH="31"/><String CONTENT="égale" HEIGHT="42" HPOS="498" ID="PAG_00000014_ST000106" VPOS="1227" WC="0.5139999986" WIDTH="86"/><SP HPOS="585" ID="PAG_00000014_SP000088" VPOS="1238" WIDTH="16"/><String CONTENT="," HEIGHT="16" HPOS="602" ID="PAG_00000014_ST000107" VPOS="1250" WC="0.3000000119" WIDTH="9"/><SP HPOS="612" ID="PAG_00000014_SP000089" VPOS="1228" WIDTH="34"/><String CONTENT="la" HEIGHT="29" HPOS="647" ID="PAG_00000014_ST000108" VPOS="1228" WC="0.3600000143" WIDTH="31"/><SP HPOS="679" ID="PAG_00000014_SP000090" VPOS="1237" WIDTH="24"/><String CONTENT="moindre" HEIGHT="30" HPOS="704" ID="PAG_00000014_ST000109" VPOS="1227" WC="0.8057143092" WIDTH="149"/></TextLine>
<TextLine HEIGHT="46" HPOS="186" ID="PAG_00000014_TL000020" VPOS="1284" WIDTH="664"><String CONTENT="contrariété," HEIGHT="40" HPOS="186" ID="PAG_00000014_ST000110" VPOS="1285" WC="0.4883333445" WIDTH="220"/><SP HPOS="407" ID="PAG_00000014_SP000091" VPOS="1287" WIDTH="24"/><String CONTENT="le" HEIGHT="33" HPOS="432" ID="PAG_00000014_ST000111" VPOS="1287" WC="0.3449999988" WIDTH="29"/><SP HPOS="462" ID="PAG_00000014_SP000092" VPOS="1296" WIDTH="24"/><String CONTENT="plus" HEIGHT="41" HPOS="487" ID="PAG_00000014_ST000112" VPOS="1286" WC="0.150000006" WIDTH="74"/><SP HPOS="562" ID="PAG_00000014_SP000093" VPOS="1286" WIDTH="24"/><String CONTENT="léger" HEIGHT="46" HPOS="587" ID="PAG_00000014_ST000113" VPOS="1284" WC="0.628000021" WIDTH="86"/><SP HPOS="674" ID="PAG_00000014_SP000094" VPOS="1295" WIDTH="25"/><String CONTENT="chagrin," HEIGHT="41" HPOS="700" ID="PAG_00000014_ST000114" VPOS="1284" WC="0.40625" WIDTH="150"/></TextLine>
</TextBlock>
</PrintSpace>
</Page>
</Layout>
</alto>