<?xml version="1.0" encoding="UTF-8"?><alto xmlns="http://www.loc.gov/standards/alto/ns-v3#" xmlns:xlink="http://www.w3.org/TR/xlink" xmlns:xsi="http://www.w3.org/2001/XMLSchema-instance" SCHEMAVERSION="alto_bnf-v2_0" xsi:schemaLocation="http://www.loc.gov/standards/alto/ns-v3# http://bibnum.bnf.fr/schema/alto_bnf-v2_0.xsd">
<Description><MeasurementUnit>pixel</MeasurementUnit><sourceImageInformation><fileName>00000017.tif</fileName><fileIdentifier>ark:/12148/bpt6k5628146t/f17</fileIdentifier><documentIdentifier documentIdentifierLocation="NUM">5628146</documentIdentifier></sourceImageInformation><OCRProcessing ID="OCR_1"><ocrProcessingStep><processingDateTime>2019-01-17</processingDateTime><processingStepDescription>[001_OCR_BRUT]OCR BRUT 80.77 %</processingStepDescription><processingStepDescription>[002_CHARS]{590}</processingStepDescription><processingStepDescription>[007_STRINGS]{113}</processingStepDescription><processingSoftware><softwareCreator>ABBYY</softwareCreator><softwareName>ABBYY FineReader Engine</softwareName><softwareVersion>11</softwareVersion></processingSoftware></ocrProcessingStep></OCRProcessing></Description>
<Styles>
</Styles>
<Layout>
<Page ACCURACY="80.77" HEIGHT="1659" ID="PAG_00000017" PHYSICAL_IMG_NR="17" QUALITY="OK" WIDTH="1022">
<TopMargin HEIGHT="130" HPOS="0" ID="PAG_00000017_TopMargin" VPOS="0" WIDTH="1022">
</TopMargin>
<LeftMargin HEIGHT="1220" HPOS="0" ID="PAG_00000017_LeftMargin" VPOS="130" WIDTH="182">
</LeftMargin>
<RightMargin HEIGHT="1220" HPOS="879" ID="PAG_00000017_RightMargin" VPOS="130" WIDTH="143">
</RightMargin>
<BottomMargin HEIGHT="309" HPOS="0" ID="PAG_00000017_BottomMargin" VPOS="1350" WIDTH="1022">
</BottomMargin>
<PrintSpace HEIGHT="1220" HPOS="182" ID="PAG_00000017_PrintSpace" VPOS="130" WIDTH="697">
<TextBlock HEIGHT="47" HPOS="496" ID="PAG_00000017_TB000001" VPOS="130" WIDTH="61" language="fr">
<TextLine HEIGHT="34" HPOS="502" ID="PAG_00000017_TL000001" VPOS="137" WIDTH="49"><String CONTENT="14" HEIGHT="34" HPOS="502" ID="PAG_00000017_ST000001" VPOS="137" WC="0.3149999976" WIDTH="49"/></TextLine>
</TextBlock>
<TextBlock HEIGHT="1147" HPOS="182" ID="PAG_00000017_TB000002" VPOS="203" WIDTH="697" language="fr">
<TextLine HEIGHT="45" HPOS="188" ID="PAG_00000017_TL000002" VPOS="209" WIDTH="670"><String CONTENT="lorsque" HEIGHT="41" HPOS="188" ID="PAG_00000017_ST000002" VPOS="212" WC="0.6100000143" WIDTH="133"/><SP HPOS="322" ID="PAG_00000017_SP000001" VPOS="222" WIDTH="30"/><String CONTENT="sa" HEIGHT="21" HPOS="353" ID="PAG_00000017_ST000003" VPOS="222" WC="0.8149999976" WIDTH="34"/><SP HPOS="388" ID="PAG_00000017_SP000002" VPOS="222" WIDTH="20"/><String CONTENT="grande" HEIGHT="43" HPOS="409" ID="PAG_00000017_ST000004" VPOS="211" WC="0.6050000191" WIDTH="121"/><SP HPOS="531" ID="PAG_00000017_SP000003" VPOS="221" WIDTH="24"/><String CONTENT="vivacité" HEIGHT="35" HPOS="556" ID="PAG_00000017_ST000005" VPOS="209" WC="0.7425000072" WIDTH="136"/><SP HPOS="693" ID="PAG_00000017_SP000004" VPOS="209" WIDTH="12"/><String CONTENT="lui" HEIGHT="33" HPOS="706" ID="PAG_00000017_ST000006" VPOS="209" WC="0.4699999988" WIDTH="48"/><SP HPOS="755" ID="PAG_00000017_SP000005" VPOS="209" WIDTH="17"/><String CONTENT="avait" HEIGHT="32" HPOS="773" ID="PAG_00000017_ST000007" VPOS="210" WC="0.976000011" WIDTH="85"/></TextLine>
<TextLine HEIGHT="44" HPOS="189" ID="PAG_00000017_TL000003" VPOS="267" WIDTH="668"><String CONTENT="fait" HEIGHT="32" HPOS="189" ID="PAG_00000017_ST000008" VPOS="267" WC="1" WIDTH="58"/><SP HPOS="248" ID="PAG_00000017_SP000006" VPOS="274" WIDTH="22"/><String CONTENT="commettre" HEIGHT="27" HPOS="271" ID="PAG_00000017_ST000009" VPOS="274" WC="0.8977777958" WIDTH="193"/><SP HPOS="465" ID="PAG_00000017_SP000007" VPOS="280" WIDTH="21"/><String CONTENT="quelque" HEIGHT="41" HPOS="487" ID="PAG_00000017_ST000010" VPOS="270" WC="0.8485714197" WIDTH="142"/><SP HPOS="630" ID="PAG_00000017_SP000008" VPOS="269" WIDTH="13"/><String CONTENT="faute," HEIGHT="38" HPOS="644" ID="PAG_00000017_ST000011" VPOS="269" WC="0.8600000143" WIDTH="105"/><SP HPOS="750" ID="PAG_00000017_SP000009" VPOS="278" WIDTH="17"/><String CONTENT="quel-" HEIGHT="41" HPOS="768" ID="PAG_00000017_ST000012" VPOS="268" WC="0.8920000196" WIDTH="89"/></TextLine>
<TextLine HEIGHT="44" HPOS="191" ID="PAG_00000017_TL000004" VPOS="325" WIDTH="665"><String CONTENT="qu’étourderie," HEIGHT="42" HPOS="191" ID="PAG_00000017_ST000013" VPOS="325" WC="0.7978571653" WIDTH="258"/><SP HPOS="450" ID="PAG_00000017_SP000010" VPOS="339" WIDTH="23"/><String CONTENT="cependant" HEIGHT="41" HPOS="474" ID="PAG_00000017_ST000014" VPOS="328" WC="0.7099999785" WIDTH="182"/><SP HPOS="657" ID="PAG_00000017_SP000011" VPOS="327" WIDTH="20"/><String CONTENT="bien" HEIGHT="31" HPOS="678" ID="PAG_00000017_ST000015" VPOS="327" WC="0.6299999952" WIDTH="78"/><SP HPOS="757" ID="PAG_00000017_SP000012" VPOS="336" WIDTH="19"/><String CONTENT="par" HEIGHT="32" HPOS="777" ID="PAG_00000017_ST000016" SUBS_CONTENT="pardonnables" SUBS_TYPE="HypPart1" VPOS="336" WC="0.473333329" WIDTH="59"/><HYP CONTENT="­"/></TextLine>
<TextLine HEIGHT="42" HPOS="192" ID="PAG_00000017_TL000005" VPOS="385" WIDTH="668"><String CONTENT="donnables" HEIGHT="31" HPOS="192" ID="PAG_00000017_ST000017" SUBS_CONTENT="pardonnables" SUBS_TYPE="HypPart2" VPOS="385" WC="0.7633333206" WIDTH="177"/><SP HPOS="370" ID="PAG_00000017_SP000013" VPOS="385" WIDTH="13"/><String CONTENT="à" HEIGHT="31" HPOS="384" ID="PAG_00000017_ST000018" VPOS="385" WC="0.400000006" WIDTH="20"/><SP HPOS="405" ID="PAG_00000017_SP000014" VPOS="385" WIDTH="20"/><String CONTENT="son" HEIGHT="21" HPOS="426" ID="PAG_00000017_ST000019" VPOS="396" WC="0.7533333302" WIDTH="59"/><SP HPOS="486" ID="PAG_00000017_SP000015" VPOS="386" WIDTH="23"/><String CONTENT="âge" HEIGHT="41" HPOS="510" ID="PAG_00000017_ST000020" VPOS="386" WC="0.646666646" WIDTH="56"/><SP HPOS="567" ID="PAG_00000017_SP000016" VPOS="397" WIDTH="13"/><String CONTENT=";" HEIGHT="27" HPOS="581" ID="PAG_00000017_ST000021" VPOS="399" WC="0.2700000107" WIDTH="9"/><SP HPOS="591" ID="PAG_00000017_SP000017" VPOS="397" WIDTH="21"/><String CONTENT="elle" HEIGHT="31" HPOS="613" ID="PAG_00000017_ST000022" VPOS="387" WC="0.9300000072" WIDTH="59"/><SP HPOS="673" ID="PAG_00000017_SP000018" VPOS="396" WIDTH="14"/><String CONTENT="s’empres" HEIGHT="42" HPOS="688" ID="PAG_00000017_ST000023" SUBS_CONTENT="s’empressait" SUBS_TYPE="HypPart1" VPOS="385" WC="0.9474999905" WIDTH="152"/><HYP CONTENT="­"/></TextLine>
<TextLine HEIGHT="42" HPOS="193" ID="PAG_00000017_TL000006" VPOS="443" WIDTH="666"><String CONTENT="sait" HEIGHT="29" HPOS="193" ID="PAG_00000017_ST000024" SUBS_CONTENT="s’empressait" SUBS_TYPE="HypPart2" VPOS="443" WC="1" WIDTH="60"/><SP HPOS="254" ID="PAG_00000017_SP000019" VPOS="443" WIDTH="25"/><String CONTENT="de" HEIGHT="31" HPOS="280" ID="PAG_00000017_ST000025" VPOS="443" WC="1" WIDTH="39"/><SP HPOS="320" ID="PAG_00000017_SP000020" VPOS="444" WIDTH="27"/><String CONTENT="les" HEIGHT="30" HPOS="348" ID="PAG_00000017_ST000026" VPOS="444" WC="0.6833333373" WIDTH="46"/><SP HPOS="395" ID="PAG_00000017_SP000021" VPOS="454" WIDTH="32"/><String CONTENT="réparer" HEIGHT="42" HPOS="428" ID="PAG_00000017_ST000027" VPOS="443" WC="0.7114285827" WIDTH="132"/><SP HPOS="561" ID="PAG_00000017_SP000022" VPOS="454" WIDTH="29"/><String CONTENT="et" HEIGHT="26" HPOS="591" ID="PAG_00000017_ST000028" VPOS="449" WC="1" WIDTH="31"/><SP HPOS="623" ID="PAG_00000017_SP000023" VPOS="449" WIDTH="28"/><String CONTENT="prenait" HEIGHT="41" HPOS="652" ID="PAG_00000017_ST000029" VPOS="444" WC="0.8757143021" WIDTH="128"/><SP HPOS="781" ID="PAG_00000017_SP000024" VPOS="443" WIDTH="38"/><String CONTENT="de" HEIGHT="31" HPOS="820" ID="PAG_00000017_ST000030" VPOS="443" WC="1" WIDTH="39"/></TextLine>
<TextLine HEIGHT="42" HPOS="193" ID="PAG_00000017_TL000007" VPOS="499" WIDTH="667"><String CONTENT="nouvelles" HEIGHT="30" HPOS="193" ID="PAG_00000017_ST000031" VPOS="501" WC="0.8488888741" WIDTH="165"/><SP HPOS="359" ID="PAG_00000017_SP000025" VPOS="511" WIDTH="28"/><String CONTENT="résolutions;" HEIGHT="42" HPOS="388" ID="PAG_00000017_ST000032" VPOS="499" WC="0.8216666579" WIDTH="214"/><SP HPOS="603" ID="PAG_00000017_SP000026" VPOS="510" WIDTH="24"/><String CONTENT="mais" HEIGHT="30" HPOS="628" ID="PAG_00000017_ST000033" VPOS="501" WC="0.7549999952" WIDTH="82"/><SP HPOS="711" ID="PAG_00000017_SP000027" VPOS="500" WIDTH="21"/><String CONTENT="bientôt" HEIGHT="32" HPOS="733" ID="PAG_00000017_ST000034" VPOS="499" WC="0.9200000167" WIDTH="127"/></TextLine>
<TextLine HEIGHT="42" HPOS="192" ID="PAG_00000017_TL000008" VPOS="557" WIDTH="667"><String CONTENT="oubliant" HEIGHT="31" HPOS="192" ID="PAG_00000017_ST000035" VPOS="557" WC="0.8399999738" WIDTH="148"/><SP HPOS="341" ID="PAG_00000017_SP000028" VPOS="562" WIDTH="25"/><String CONTENT="ses" HEIGHT="21" HPOS="367" ID="PAG_00000017_ST000036" VPOS="567" WC="0.8266666532" WIDTH="49"/><SP HPOS="417" ID="PAG_00000017_SP000029" VPOS="567" WIDTH="29"/><String CONTENT="promesses," HEIGHT="32" HPOS="447" ID="PAG_00000017_ST000037" VPOS="567" WC="0.8999999762" WIDTH="199"/><SP HPOS="647" ID="PAG_00000017_SP000030" VPOS="557" WIDTH="35"/><String CONTENT="Augustine" HEIGHT="41" HPOS="683" ID="PAG_00000017_ST000038" VPOS="557" WC="0.6366666555" WIDTH="176"/></TextLine>
<TextLine HEIGHT="43" HPOS="191" ID="PAG_00000017_TL000009" VPOS="613" WIDTH="669"><String CONTENT="ne" HEIGHT="20" HPOS="191" ID="PAG_00000017_ST000039" VPOS="624" WC="1" WIDTH="41"/><SP HPOS="233" ID="PAG_00000017_SP000031" VPOS="619" WIDTH="18"/><String CONTENT="tardait" HEIGHT="31" HPOS="252" ID="PAG_00000017_ST000040" VPOS="614" WC="0.9528571367" WIDTH="119"/><SP HPOS="372" ID="PAG_00000017_SP000032" VPOS="619" WIDTH="24"/><String CONTENT="point" HEIGHT="41" HPOS="397" ID="PAG_00000017_ST000041" VPOS="615" WC="1" WIDTH="95"/><SP HPOS="493" ID="PAG_00000017_SP000033" VPOS="614" WIDTH="24"/><String CONTENT="à" HEIGHT="30" HPOS="518" ID="PAG_00000017_ST000042" VPOS="614" WC="0.2300000042" WIDTH="19"/><SP HPOS="538" ID="PAG_00000017_SP000034" VPOS="614" WIDTH="24"/><String CONTENT="laisser" HEIGHT="30" HPOS="563" ID="PAG_00000017_ST000043" VPOS="615" WC="0.8471428752" WIDTH="109"/><SP HPOS="673" ID="PAG_00000017_SP000035" VPOS="613" WIDTH="25"/><String CONTENT="échapper" HEIGHT="43" HPOS="699" ID="PAG_00000017_ST000044" VPOS="613" WC="0.8625000119" WIDTH="161"/></TextLine>
<TextLine HEIGHT="39" HPOS="193" ID="PAG_00000017_TL000010" VPOS="670" WIDTH="666"><String CONTENT="de" HEIGHT="32" HPOS="193" ID="PAG_00000017_ST000045" VPOS="670" WC="0.9250000119" WIDTH="39"/><SP HPOS="233" ID="PAG_00000017_SP000036" VPOS="682" WIDTH="30"/><String CONTENT="nouvelles" HEIGHT="31" HPOS="264" ID="PAG_00000017_ST000046" VPOS="672" WC="0.74777776" WIDTH="166"/><SP HPOS="431" ID="PAG_00000017_SP000037" VPOS="682" WIDTH="23"/><String CONTENT="saillies" HEIGHT="30" HPOS="455" ID="PAG_00000017_ST000047" VPOS="672" WC="0.9399999976" WIDTH="117"/><SP HPOS="573" ID="PAG_00000017_SP000038" VPOS="672" WIDTH="35"/><String CONTENT="de" HEIGHT="30" HPOS="609" ID="PAG_00000017_ST000048" VPOS="672" WC="1" WIDTH="39"/><SP HPOS="649" ID="PAG_00000017_SP000039" VPOS="683" WIDTH="23"/><String CONTENT="caractère" HEIGHT="31" HPOS="673" ID="PAG_00000017_ST000049" VPOS="671" WC="0.8611111045" WIDTH="159"/><SP HPOS="833" ID="PAG_00000017_SP000040" VPOS="682" WIDTH="15"/><String CONTENT="," HEIGHT="16" HPOS="849" ID="PAG_00000017_ST000050" VPOS="693" WC="0.5500000119" WIDTH="10"/></TextLine>
<TextLine HEIGHT="42" HPOS="192" ID="PAG_00000017_TL000011" VPOS="728" WIDTH="669"><String CONTENT="soit" HEIGHT="31" HPOS="192" ID="PAG_00000017_ST000051" VPOS="728" WC="0.8424999714" WIDTH="62"/><SP HPOS="255" ID="PAG_00000017_SP000041" VPOS="733" WIDTH="21"/><String CONTENT="envers" HEIGHT="22" HPOS="277" ID="PAG_00000017_ST000052" VPOS="738" WC="0.896666646" WIDTH="112"/><SP HPOS="390" ID="PAG_00000017_SP000042" VPOS="739" WIDTH="26"/><String CONTENT="ses" HEIGHT="20" HPOS="417" ID="PAG_00000017_ST000053" VPOS="739" WC="0.8866666555" WIDTH="48"/><SP HPOS="466" ID="PAG_00000017_SP000043" VPOS="739" WIDTH="22"/><String CONTENT="compagnes," HEIGHT="31" HPOS="489" ID="PAG_00000017_ST000054" VPOS="739" WC="0.9520000219" WIDTH="212"/><SP HPOS="702" ID="PAG_00000017_SP000044" VPOS="739" WIDTH="29"/><String CONTENT="soit" HEIGHT="30" HPOS="732" ID="PAG_00000017_ST000055" VPOS="729" WC="0.9825000167" WIDTH="62"/><SP HPOS="795" ID="PAG_00000017_SP000045" VPOS="734" WIDTH="12"/><String CONTENT="en" HEIGHT="21" HPOS="808" ID="PAG_00000017_ST000056" SUBS_CONTENT="envers" SUBS_TYPE="HypPart1" VPOS="738" WC="1" WIDTH="40"/><HYP CONTENT="­"/></TextLine>
<TextLine HEIGHT="33" HPOS="194" ID="PAG_00000017_TL000012" VPOS="784" WIDTH="669"><String CONTENT="vers" HEIGHT="21" HPOS="194" ID="PAG_00000017_ST000057" SUBS_CONTENT="envers" SUBS_TYPE="HypPart2" VPOS="795" WC="0.9825000167" WIDTH="71"/><SP HPOS="266" ID="PAG_00000017_SP000046" VPOS="796" WIDTH="36"/><String CONTENT="ses" HEIGHT="20" HPOS="303" ID="PAG_00000017_ST000058" VPOS="796" WC="0.8366666436" WIDTH="50"/><SP HPOS="354" ID="PAG_00000017_SP000047" VPOS="796" WIDTH="32"/><String CONTENT="maîtresses" HEIGHT="33" HPOS="387" ID="PAG_00000017_ST000059" VPOS="784" WC="0.925999999" WIDTH="181"/><SP HPOS="569" ID="PAG_00000017_SP000048" VPOS="796" WIDTH="34"/><String CONTENT=":" HEIGHT="18" HPOS="604" ID="PAG_00000017_ST000060" VPOS="798" WC="1" WIDTH="8"/><SP HPOS="613" ID="PAG_00000017_SP000049" VPOS="790" WIDTH="31"/><String CONTENT="telle" HEIGHT="30" HPOS="645" ID="PAG_00000017_ST000061" VPOS="786" WC="0.9800000191" WIDTH="76"/><SP HPOS="722" ID="PAG_00000017_SP000050" VPOS="784" WIDTH="34"/><String CONTENT="fut" HEIGHT="31" HPOS="757" ID="PAG_00000017_ST000062" VPOS="784" WC="0.6100000143" WIDTH="50"/><SP HPOS="808" ID="PAG_00000017_SP000051" VPOS="785" WIDTH="22"/><String CONTENT="la" HEIGHT="30" HPOS="831" ID="PAG_00000017_ST000063" VPOS="785" WC="0.5699999928" WIDTH="32"/></TextLine>
<TextLine HEIGHT="42" HPOS="196" ID="PAG_00000017_TL000013" VPOS="842" WIDTH="667"><String CONTENT="conduite" HEIGHT="31" HPOS="196" ID="PAG_00000017_ST000064" VPOS="842" WC="0.8612499833" WIDTH="152"/><SP HPOS="349" ID="PAG_00000017_SP000052" VPOS="843" WIDTH="23"/><String CONTENT="d’Augustine" HEIGHT="42" HPOS="373" ID="PAG_00000017_ST000065" VPOS="842" WC="0.8209090829" WIDTH="209"/><SP HPOS="583" ID="PAG_00000017_SP000053" VPOS="843" WIDTH="21"/><String CONTENT="dans" HEIGHT="30" HPOS="605" ID="PAG_00000017_ST000066" VPOS="843" WC="0.8475000262" WIDTH="79"/><SP HPOS="685" ID="PAG_00000017_SP000054" VPOS="853" WIDTH="24"/><String CONTENT="ses" HEIGHT="20" HPOS="710" ID="PAG_00000017_ST000067" VPOS="852" WC="1" WIDTH="48"/><SP HPOS="759" ID="PAG_00000017_SP000055" VPOS="842" WIDTH="17"/><String CONTENT="deux" HEIGHT="30" HPOS="777" ID="PAG_00000017_ST000068" VPOS="842" WC="0.9275000095" WIDTH="86"/></TextLine>
<TextLine HEIGHT="43" HPOS="194" ID="PAG_00000017_TL000014" VPOS="898" WIDTH="670"><String CONTENT="premières" HEIGHT="42" HPOS="194" ID="PAG_00000017_ST000069" VPOS="899" WC="0.9233333468" WIDTH="175"/><SP HPOS="370" ID="PAG_00000017_SP000056" VPOS="910" WIDTH="14"/><String CONTENT="années." HEIGHT="32" HPOS="385" ID="PAG_00000017_ST000070" VPOS="898" WC="0.6314285994" WIDTH="130"/><SP HPOS="516" ID="PAG_00000017_SP000057" VPOS="899" WIDTH="22"/><String CONTENT="Sa" HEIGHT="31" HPOS="539" ID="PAG_00000017_ST000071" VPOS="899" WC="1" WIDTH="38"/><SP HPOS="578" ID="PAG_00000017_SP000058" VPOS="909" WIDTH="15"/><String CONTENT="maîtresse," HEIGHT="39" HPOS="594" ID="PAG_00000017_ST000072" VPOS="898" WC="0.8569999933" WIDTH="185"/><SP HPOS="780" ID="PAG_00000017_SP000059" VPOS="908" WIDTH="25"/><String CONTENT="qui" HEIGHT="40" HPOS="806" ID="PAG_00000017_ST000073" VPOS="898" WC="0.8066666722" WIDTH="58"/></TextLine>
<TextLine HEIGHT="43" HPOS="195" ID="PAG_00000017_TL000015" VPOS="954" WIDTH="666"><String CONTENT="l’aimait" HEIGHT="32" HPOS="195" ID="PAG_00000017_ST000074" VPOS="954" WC="0.9987499714" WIDTH="134"/><SP HPOS="330" ID="PAG_00000017_SP000060" VPOS="961" WIDTH="10"/><String CONTENT="avec" HEIGHT="21" HPOS="341" ID="PAG_00000017_ST000075" VPOS="966" WC="0.9700000286" WIDTH="75"/><SP HPOS="417" ID="PAG_00000017_SP000061" VPOS="956" WIDTH="18"/><String CONTENT="beaucoup" HEIGHT="41" HPOS="436" ID="PAG_00000017_ST000076" VPOS="956" WC="0.9125000238" WIDTH="169"/><SP HPOS="606" ID="PAG_00000017_SP000062" VPOS="956" WIDTH="20"/><String CONTENT="de" HEIGHT="30" HPOS="627" ID="PAG_00000017_ST000077" VPOS="956" WC="1" WIDTH="38"/><SP HPOS="666" ID="PAG_00000017_SP000063" VPOS="961" WIDTH="13"/><String CONTENT="tendresse," HEIGHT="38" HPOS="680" ID="PAG_00000017_ST000078" VPOS="955" WC="0.7789999843" WIDTH="181"/></TextLine>
<TextLine HEIGHT="46" HPOS="198" ID="PAG_00000017_TL000016" VPOS="1007" WIDTH="668"><String CONTENT="était" HEIGHT="30" HPOS="198" ID="PAG_00000017_ST000079" VPOS="1013" WC="0.7860000134" WIDTH="78"/><SP HPOS="277" ID="PAG_00000017_SP000064" VPOS="1014" WIDTH="19"/><String CONTENT="désolée" HEIGHT="31" HPOS="297" ID="PAG_00000017_ST000080" VPOS="1013" WC="0.791428566" WIDTH="125"/><SP HPOS="423" ID="PAG_00000017_SP000065" VPOS="1014" WIDTH="22"/><String CONTENT="de" HEIGHT="29" HPOS="446" ID="PAG_00000017_ST000081" VPOS="1014" WC="1" WIDTH="39"/><SP HPOS="486" ID="PAG_00000017_SP000066" VPOS="1023" WIDTH="25"/><String CONTENT="voir" HEIGHT="30" HPOS="512" ID="PAG_00000017_ST000082" VPOS="1014" WC="0.9350000024" WIDTH="69"/><SP HPOS="582" ID="PAG_00000017_SP000067" VPOS="1023" WIDTH="19"/><String CONTENT="si" HEIGHT="30" HPOS="602" ID="PAG_00000017_ST000083" VPOS="1013" WC="1" WIDTH="26"/><SP HPOS="629" ID="PAG_00000017_SP000068" VPOS="1013" WIDTH="19"/><String CONTENT="peu" HEIGHT="30" HPOS="649" ID="PAG_00000017_ST000084" VPOS="1023" WC="0.8866666555" WIDTH="65"/><SP HPOS="715" ID="PAG_00000017_SP000069" VPOS="1007" WIDTH="28"/><String CONTENT="d’amé" HEIGHT="35" HPOS="744" ID="PAG_00000017_ST000085" SUBS_CONTENT="d’amélioration" SUBS_TYPE="HypPart1" VPOS="1007" WC="0.6439999938" WIDTH="103"/><HYP CONTENT="­"/></TextLine>
<TextLine HEIGHT="32" HPOS="196" ID="PAG_00000017_TL000017" VPOS="1068" WIDTH="670"><String CONTENT="lioration" HEIGHT="30" HPOS="196" ID="PAG_00000017_ST000086" SUBS_CONTENT="d’amélioration" SUBS_TYPE="HypPart2" VPOS="1070" WC="0.871111095" WIDTH="153"/><SP HPOS="350" ID="PAG_00000017_SP000070" VPOS="1071" WIDTH="25"/><String CONTENT="dans" HEIGHT="29" HPOS="376" ID="PAG_00000017_ST000087" VPOS="1071" WC="0.6424999833" WIDTH="79"/><SP HPOS="456" ID="PAG_00000017_SP000071" VPOS="1070" WIDTH="20"/><String CONTENT="le" HEIGHT="30" HPOS="477" ID="PAG_00000017_ST000088" VPOS="1070" WC="1" WIDTH="30"/><SP HPOS="508" ID="PAG_00000017_SP000072" VPOS="1080" WIDTH="31"/><String CONTENT="caractère" HEIGHT="32" HPOS="540" ID="PAG_00000017_ST000089" VPOS="1068" WC="0.8199999928" WIDTH="160"/><SP HPOS="701" ID="PAG_00000017_SP000073" VPOS="1069" WIDTH="33"/><String CONTENT="de" HEIGHT="30" HPOS="735" ID="PAG_00000017_ST000090" VPOS="1069" WC="1" WIDTH="39"/><SP HPOS="775" ID="PAG_00000017_SP000074" VPOS="1079" WIDTH="31"/><String CONTENT="son" HEIGHT="20" HPOS="807" ID="PAG_00000017_ST000091" VPOS="1079" WC="0.75" WIDTH="59"/></TextLine>
<TextLine HEIGHT="43" HPOS="202" ID="PAG_00000017_TL000018" VPOS="1126" WIDTH="665"><String CONTENT="élève." HEIGHT="31" HPOS="202" ID="PAG_00000017_ST000092" VPOS="1127" WC="0.5266666412" WIDTH="98"/><SP HPOS="301" ID="PAG_00000017_SP000075" VPOS="1127" WIDTH="20"/><String CONTENT="Après" HEIGHT="42" HPOS="322" ID="PAG_00000017_ST000093" VPOS="1127" WC="0.5839999914" WIDTH="101"/><SP HPOS="424" ID="PAG_00000017_SP000076" VPOS="1137" WIDTH="33"/><String CONTENT="avoir" HEIGHT="30" HPOS="458" ID="PAG_00000017_ST000094" VPOS="1128" WC="0.7400000095" WIDTH="90"/><SP HPOS="549" ID="PAG_00000017_SP000077" VPOS="1126" WIDTH="26"/><String CONTENT="épuisé" HEIGHT="42" HPOS="576" ID="PAG_00000017_ST000095" VPOS="1126" WC="0.6600000262" WIDTH="109"/><SP HPOS="686" ID="PAG_00000017_SP000078" VPOS="1126" WIDTH="30"/><String CONTENT="en" HEIGHT="20" HPOS="717" ID="PAG_00000017_ST000096" VPOS="1137" WC="0.6299999952" WIDTH="41"/><SP HPOS="759" ID="PAG_00000017_SP000079" VPOS="1137" WIDTH="31"/><String CONTENT="vain" HEIGHT="31" HPOS="791" ID="PAG_00000017_ST000097" VPOS="1127" WC="0.7850000262" WIDTH="76"/></TextLine>
<TextLine HEIGHT="40" HPOS="199" ID="PAG_00000017_TL000019" VPOS="1185" WIDTH="669"><String CONTENT="tous" HEIGHT="25" HPOS="199" ID="PAG_00000017_ST000098" VPOS="1190" WC="0.8075000048" WIDTH="73"/><SP HPOS="273" ID="PAG_00000017_SP000080" VPOS="1185" WIDTH="29"/><String CONTENT="les" HEIGHT="30" HPOS="303" ID="PAG_00000017_ST000099" VPOS="1185" WC="0.8700000048" WIDTH="45"/><SP HPOS="349" ID="PAG_00000017_SP000081" VPOS="1194" WIDTH="29"/><String CONTENT="moyens" HEIGHT="31" HPOS="379" ID="PAG_00000017_ST000100" VPOS="1194" WC="0.6200000048" WIDTH="136"/><SP HPOS="516" ID="PAG_00000017_SP000082" VPOS="1185" WIDTH="35"/><String CONTENT="de" HEIGHT="30" HPOS="552" ID="PAG_00000017_ST000101" VPOS="1185" WC="1" WIDTH="39"/><SP HPOS="592" ID="PAG_00000017_SP000083" VPOS="1185" WIDTH="28"/><String CONTENT="douceur," HEIGHT="38" HPOS="621" ID="PAG_00000017_ST000102" VPOS="1185" WC="0.7662500143" WIDTH="159"/><SP HPOS="781" ID="PAG_00000017_SP000084" VPOS="1194" WIDTH="26"/><String CONTENT="elle" HEIGHT="30" HPOS="808" ID="PAG_00000017_ST000103" VPOS="1185" WC="1" WIDTH="60"/></TextLine>
<TextLine HEIGHT="44" HPOS="200" ID="PAG_00000017_TL000020" VPOS="1241" WIDTH="667"><String CONTENT="appelle" HEIGHT="42" HPOS="200" ID="PAG_00000017_ST000104" VPOS="1243" WC="1" WIDTH="125"/><SP HPOS="326" ID="PAG_00000017_SP000085" VPOS="1241" WIDTH="36"/><String CONTENT="Augustine" HEIGHT="42" HPOS="363" ID="PAG_00000017_ST000105" VPOS="1241" WC="0.7111111283" WIDTH="181"/><SP HPOS="545" ID="PAG_00000017_SP000086" VPOS="1253" WIDTH="40"/><String CONTENT="en" HEIGHT="20" HPOS="586" ID="PAG_00000017_ST000106" VPOS="1253" WC="0.6399999857" WIDTH="40"/><SP HPOS="627" ID="PAG_00000017_SP000087" VPOS="1253" WIDTH="32"/><String CONTENT="secret," HEIGHT="35" HPOS="660" ID="PAG_00000017_ST000107" VPOS="1247" WC="0.9028571248" WIDTH="125"/><SP HPOS="786" ID="PAG_00000017_SP000088" VPOS="1242" WIDTH="33"/><String CONTENT="lui" HEIGHT="31" HPOS="820" ID="PAG_00000017_ST000108" VPOS="1241" WC="0.6566666961" WIDTH="47"/></TextLine>
<TextLine HEIGHT="47" HPOS="202" ID="PAG_00000017_TL000021" VPOS="1297" WIDTH="666"><String CONTENT="peint" HEIGHT="42" HPOS="202" ID="PAG_00000017_ST000109" VPOS="1302" WC="0.8460000157" WIDTH="92"/><SP HPOS="295" ID="PAG_00000017_SP000089" VPOS="1301" WIDTH="36"/><String CONTENT="doucemept" HEIGHT="38" HPOS="332" ID="PAG_00000017_ST000110" VPOS="1301" WC="0.7233333588" WIDTH="197"/><SP HPOS="530" ID="PAG_00000017_SP000090" VPOS="1306" WIDTH="36"/><String CONTENT="sa" HEIGHT="21" HPOS="567" ID="PAG_00000017_ST000111" VPOS="1311" WC="0.3799999952" WIDTH="34"/><SP HPOS="602" ID="PAG_00000017_SP000091" VPOS="1311" WIDTH="35"/><String CONTENT="peine" HEIGHT="44" HPOS="638" ID="PAG_00000017_ST000112" VPOS="1300" WC="0.6499999762" WIDTH="96"/><SP HPOS="735" ID="PAG_00000017_SP000092" VPOS="1299" WIDTH="33"/><String CONTENT="d’être" HEIGHT="37" HPOS="769" ID="PAG_00000017_ST000113" VPOS="1297" WC="0.75" WIDTH="99"/></TextLine>
</TextBlock>
</PrintSpace>
</Page>
</Layout>
</alto>