<?xml version="1.0" encoding="UTF-8"?><alto xmlns="http://www.loc.gov/standards/alto/ns-v3#" xmlns:xlink="http://www.w3.org/TR/xlink" xmlns:xsi="http://www.w3.org/2001/XMLSchema-instance" SCHEMAVERSION="alto_bnf-v2_0" xsi:schemaLocation="http://www.loc.gov/standards/alto/ns-v3# http://bibnum.bnf.fr/schema/alto_bnf-v2_0.xsd">
<Description><MeasurementUnit>pixel</MeasurementUnit><sourceImageInformation><fileName>00000006.tif</fileName><fileIdentifier>ark:/12148/bpt6k5628146t/f6</fileIdentifier><documentIdentifier documentIdentifierLocation="NUM">5628146</documentIdentifier></sourceImageInformation><OCRProcessing ID="OCR_1"><ocrProcessingStep><processingDateTime>2019-01-17</processingDateTime><processingStepDescription>[001_OCR_BRUT]OCR BRUT 48.91 %</processingStepDescription><processingStepDescription>[002_CHARS]{175}</processingStepDescription><processingStepDescription>[007_STRINGS]{40}</processingStepDescription><processingSoftware><softwareCreator>ABBYY</softwareCreator><softwareName>ABBYY FineReader Engine</softwareName><softwareVersion>11</softwareVersion></processingSoftware></ocrProcessingStep></OCRProcessing></Description>
<Styles>
</Styles>
<Layout>
<Page ACCURACY="48.91" HEIGHT="1620" ID="PAG_00000006" PHYSICAL_IMG_NR="6" QUALITY="OK" WIDTH="975">
<TopMargin HEIGHT="182" HPOS="0" ID="PAG_00000006_TopMargin" VPOS="0" WIDTH="975">
</TopMargin>
<LeftMargin HEIGHT="1375" HPOS="0" ID="PAG_00000006_LeftMargin" VPOS="182" WIDTH="102">
</LeftMargin>
<RightMargin HEIGHT="1375" HPOS="811" ID="PAG_00000006_RightMargin" VPOS="182" WIDTH="164">
</RightMargin>
<BottomMargin HEIGHT="63" HPOS="0" ID="PAG_00000006_BottomMargin" VPOS="1557" WIDTH="975">
</BottomMargin>
<PrintSpace HEIGHT="1375" HPOS="102" ID="PAG_00000006_PrintSpace" VPOS="182" WIDTH="709">
<TextBlock HEIGHT="47" HPOS="308" ID="PAG_00000006_TB000001" VPOS="182" WIDTH="329" language="fr"><Shape><Polygon POINTS="314,185 643,185 643,230 314,230 314,185"/></Shape>
<TextLine HEIGHT="34" HPOS="314" ID="PAG_00000006_TL000001" VPOS="189" WIDTH="317"><String CONTENT="LE" HEIGHT="32" HPOS="314" ID="PAG_00000006_ST000001" VPOS="190" WC="0.6399999857" WIDTH="62"/><SP HPOS="377" ID="PAG_00000006_SP000001" VPOS="190" WIDTH="30"/><String CONTENT="MODELE" HEIGHT="33" HPOS="408" ID="PAG_00000006_ST000002" VPOS="189" WC="0.5483333468" WIDTH="223"/></TextLine>
</TextBlock>
<ComposedBlock HEIGHT="118" HPOS="190" ID="PAG_00000006_CB000001" TYPE="container" VPOS="293" WIDTH="621"><Shape><Polygon POINTS="196,296 816,296 816,412 196,412 196,296"/></Shape>
<TextBlock HEIGHT="97" HPOS="191" ID="PAG_00000006_TB000002" VPOS="294" WIDTH="588" language="fr"><Shape><Polygon POINTS="388,296 466,296 466,342 784,342 784,392 196,392 196,342 388,342 388,296"/></Shape>
<TextLine HEIGHT="76" HPOS="194" ID="PAG_00000006_TL000002" VPOS="310" WIDTH="580"><String CONTENT="euiied" HEIGHT="39" HPOS="195" ID="PAG_00000006_ST000003" VPOS="345" WC="0.5916666389" WIDTH="148"/><SP HPOS="343" ID="PAG_00000006_SP000002" VPOS="311" WIDTH="54"/><String CONTENT="SeiiMotuuxizeS" HEIGHT="75" HPOS="397" ID="PAG_00000006_ST000004" VPOS="310" WC="0.3692857027" WIDTH="377"/></TextLine>
</TextBlock>
<TextBlock HEIGHT="46" HPOS="779" ID="PAG_00000006_TB000003" VPOS="363" WIDTH="32" language="fr">
<TextLine HEIGHT="34" HPOS="783" ID="PAG_00000006_TL000003" VPOS="370" WIDTH="11"><String CONTENT="l" HEIGHT="34" HPOS="783" ID="PAG_00000006_ST000005" VPOS="370" WC="0.8299999833" WIDTH="11"/></TextLine>
</TextBlock></ComposedBlock>
<TextBlock HEIGHT="107" HPOS="168" ID="PAG_00000006_TB000004" VPOS="487" WIDTH="604" language="fr"><Shape><Polygon POINTS="173,490 776,490 776,595 173,595 173,490"/></Shape>
<TextLine HEIGHT="26" HPOS="174" ID="PAG_00000006_TL000004" VPOS="493" WIDTH="590"><String CONTENT="NOTICE" HEIGHT="12" HPOS="174" ID="PAG_00000006_ST000006" VPOS="500" WC="0.3400000036" WIDTH="64"/><SP HPOS="239" ID="PAG_00000006_SP000003" VPOS="501" WIDTH="11"/><String CONTENT="SCR" HEIGHT="13" HPOS="251" ID="PAG_00000006_ST000007" VPOS="500" WC="0.4166666567" WIDTH="33"/><SP HPOS="285" ID="PAG_00000006_SP000004" VPOS="500" WIDTH="13"/><String CONTENT="LA" HEIGHT="12" HPOS="299" ID="PAG_00000006_ST000008" VPOS="500" WC="0.1350000054" WIDTH="21"/><SP HPOS="321" ID="PAG_00000006_SP000005" VPOS="500" WIDTH="12"/><String CONTENT="VIE" HEIGHT="12" HPOS="334" ID="PAG_00000006_ST000009" VPOS="501" WC="0.3133333325" WIDTH="28"/><SP HPOS="363" ID="PAG_00000006_SP000006" VPOS="500" WIDTH="13"/><String CONTENT="BT" HEIGHT="12" HPOS="377" ID="PAG_00000006_ST000010" VPOS="500" WC="0.4950000048" WIDTH="20"/><SP HPOS="398" ID="PAG_00000006_SP000007" VPOS="499" WIDTH="11"/><String CONTENT="LA" HEIGHT="13" HPOS="410" ID="PAG_00000006_ST000011" VPOS="499" WC="0.2549999952" WIDTH="25"/><SP HPOS="436" ID="PAG_00000006_SP000008" VPOS="500" WIDTH="12"/><String CONTENT="MORT" HEIGHT="12" HPOS="449" ID="PAG_00000006_ST000012" VPOS="500" WC="0.5975000262" WIDTH="49"/><SP HPOS="499" ID="PAG_00000006_SP000009" VPOS="495" WIDTH="18"/><String CONTENT="D’AUGlJSTljXE" HEIGHT="25" HPOS="518" ID="PAG_00000006_ST000013" VPOS="493" WC="0.4769230783" WIDTH="175"/><SP HPOS="694" ID="PAG_00000006_SP000010" VPOS="494" WIDTH="13"/><String CONTENT="P" HEIGHT="17" HPOS="708" ID="PAG_00000006_ST000014" VPOS="495" WC="0.25" WIDTH="16"/><SP HPOS="725" ID="PAG_00000006_SP000011" VPOS="495" WIDTH="6"/><String CONTENT="*" HEIGHT="7" HPOS="732" ID="PAG_00000006_ST000015" VPOS="495" WC="0.9300000072" WIDTH="6"/><SP HPOS="739" ID="PAG_00000006_SP000012" VPOS="495" WIDTH="6"/><String CONTENT="‘" HEIGHT="6" HPOS="746" ID="PAG_00000006_ST000016" VPOS="495" WC="1" WIDTH="3"/><SP HPOS="750" ID="PAG_00000006_SP000013" VPOS="495" WIDTH="6"/><String CONTENT="," HEIGHT="12" HPOS="757" ID="PAG_00000006_ST000017" VPOS="505" WC="0.6299999952" WIDTH="7"/></TextLine>
<TextLine HEIGHT="25" HPOS="253" ID="PAG_00000006_TL000005" VPOS="530" WIDTH="430"><String CONTENT="DÉCÉDÊB" HEIGHT="18" HPOS="253" ID="PAG_00000006_ST000018" VPOS="532" WC="0.4471428692" WIDTH="78"/><SP HPOS="332" ID="PAG_00000006_SP000014" VPOS="537" WIDTH="12"/><String CONTENT="A" HEIGHT="13" HPOS="345" ID="PAG_00000006_ST000019" VPOS="537" WC="0" WIDTH="10"/><SP HPOS="356" ID="PAG_00000006_SP000015" VPOS="536" WIDTH="12"/><String CONTENT="PARIS," HEIGHT="17" HPOS="369" ID="PAG_00000006_ST000020" VPOS="536" WC="0.5016666651" WIDTH="64"/><SP HPOS="434" ID="PAG_00000006_SP000016" VPOS="537" WIDTH="13"/><String CONTENT="LE" HEIGHT="12" HPOS="448" ID="PAG_00000006_ST000021" VPOS="537" WC="0.5" WIDTH="22"/><SP HPOS="471" ID="PAG_00000006_SP000017" VPOS="531" WIDTH="11"/><String CONTENT="11" HEIGHT="17" HPOS="483" ID="PAG_00000006_ST000022" VPOS="531" WC="0.1949999928" WIDTH="24"/><SP HPOS="508" ID="PAG_00000006_SP000018" VPOS="531" WIDTH="12"/><String CONTENT="PÉCEMBRB" HEIGHT="19" HPOS="521" ID="PAG_00000006_ST000023" VPOS="531" WC="0.4300000072" WIDTH="90"/><SP HPOS="612" ID="PAG_00000006_SP000019" VPOS="531" WIDTH="12"/><String CONTENT="1831," HEIGHT="23" HPOS="625" ID="PAG_00000006_ST000024" VPOS="530" WC="0.59799999" WIDTH="58"/></TextLine>
<TextLine HEIGHT="21" HPOS="332" ID="PAG_00000006_TL000006" VPOS="566" WIDTH="283"><String CONTENT="ÂGÉE" HEIGHT="20" HPOS="332" ID="PAG_00000006_ST000025" VPOS="567" WC="0.5099999905" WIDTH="43"/><SP HPOS="376" ID="PAG_00000006_SP000020" VPOS="573" WIDTH="13"/><String CONTENT="DE" HEIGHT="13" HPOS="390" ID="PAG_00000006_ST000026" VPOS="573" WC="0.7049999833" WIDTH="21"/><SP HPOS="412" ID="PAG_00000006_SP000021" VPOS="567" WIDTH="11"/><String CONTENT="12" HEIGHT="19" HPOS="424" ID="PAG_00000006_ST000027" VPOS="567" WC="0.2349999994" WIDTH="25"/><SP HPOS="450" ID="PAG_00000006_SP000022" VPOS="568" WIDTH="10"/><String CONTENT="ANS" HEIGHT="13" HPOS="461" ID="PAG_00000006_ST000028" VPOS="573" WC="0.5633333325" WIDTH="33"/><SP HPOS="495" ID="PAG_00000006_SP000023" VPOS="574" WIDTH="11"/><String CONTENT="ET" HEIGHT="12" HPOS="507" ID="PAG_00000006_ST000029" VPOS="574" WC="0.6000000238" WIDTH="22"/><SP HPOS="530" ID="PAG_00000006_SP000024" VPOS="568" WIDTH="11"/><String CONTENT="8" HEIGHT="18" HPOS="542" ID="PAG_00000006_ST000030" VPOS="568" WC="0.5199999809" WIDTH="11"/><SP HPOS="554" ID="PAG_00000006_SP000025" VPOS="568" WIDTH="12"/><String CONTENT="MOIS." HEIGHT="13" HPOS="567" ID="PAG_00000006_ST000031" VPOS="573" WC="0.5479999781" WIDTH="48"/></TextLine>
</TextBlock>
<Illustration HEIGHT="291" HPOS="140" ID="PAG_00000006_IL000001" VPOS="718" WIDTH="408"><Shape><Polygon POINTS="144,720 551,720 551,1010 144,1010 144,720"/></Shape></Illustration>
<TextBlock HEIGHT="161" HPOS="160" ID="PAG_00000006_TB000005" VPOS="1071" WIDTH="607" language="fr"><Shape><Polygon POINTS="162,1074 769,1074 769,1233 162,1233 162,1074"/></Shape>
<TextLine HEIGHT="44" HPOS="354" ID="PAG_00000006_TL000007" VPOS="1078" WIDTH="219"><String CONTENT="LILLE." HEIGHT="44" HPOS="354" ID="PAG_00000006_ST000032" VPOS="1078" WC="0.5249999762" WIDTH="219"/></TextLine>
<TextLine HEIGHT="38" HPOS="166" ID="PAG_00000006_TL000008" VPOS="1152" WIDTH="595"><String CONTENT="h." HEIGHT="28" HPOS="166" ID="PAG_00000006_ST000033" VPOS="1154" WC="0.5749999881" WIDTH="26"/><SP HPOS="193" ID="PAG_00000006_SP000026" VPOS="1154" WIDTH="19"/><String CONTENT="LEFORT," HEIGHT="32" HPOS="213" ID="PAG_00000006_ST000034" VPOS="1154" WC="0.5971428752" WIDTH="144"/><SP HPOS="358" ID="PAG_00000006_SP000027" VPOS="1154" WIDTH="17"/><String CONTENT="IMPRIMEUR-LIBRAIRE," HEIGHT="36" HPOS="376" ID="PAG_00000006_ST000035" VPOS="1153" WC="0.4778947234" WIDTH="385"/></TextLine>
<TextLine HEIGHT="33" HPOS="310" ID="PAG_00000006_TL000009" VPOS="1193" WIDTH="312"><String CONTENT="BUE" HEIGHT="19" HPOS="310" ID="PAG_00000006_ST000036" VPOS="1202" WC="0.3133333325" WIDTH="45"/><SP HPOS="356" ID="PAG_00000006_SP000028" VPOS="1201" WIDTH="21"/><String CONTENT="ESQUEUMOISE" HEIGHT="21" HPOS="378" ID="PAG_00000006_ST000037" VPOS="1202" WC="0.2945454419" WIDTH="163"/><SP HPOS="542" ID="PAG_00000006_SP000029" VPOS="1203" WIDTH="7"/><String CONTENT="," HEIGHT="12" HPOS="550" ID="PAG_00000006_ST000038" VPOS="1213" WC="0.5500000119" WIDTH="6"/><SP HPOS="557" ID="PAG_00000006_SP000030" VPOS="1195" WIDTH="25"/><String CONTENT="55," HEIGHT="28" HPOS="583" ID="PAG_00000006_ST000039" VPOS="1193" WC="0.6933333278" WIDTH="39"/></TextLine>
</TextBlock>
<TextBlock HEIGHT="48" HPOS="409" ID="PAG_00000006_TB000006" VPOS="1281" WIDTH="120" language="fr"><Shape><Polygon POINTS="411,1283 530,1283 530,1331 411,1331 411,1283"/></Shape>
<TextLine HEIGHT="35" HPOS="415" ID="PAG_00000006_TL000010" VPOS="1287" WIDTH="107"><String CONTENT="1837." HEIGHT="35" HPOS="415" ID="PAG_00000006_ST000040" VPOS="1287" WC="0.3659999967" WIDTH="107"/></TextLine>
</TextBlock>
<Illustration HEIGHT="102" HPOS="107" ID="PAG_00000006_IL000002" VPOS="1455" WIDTH="96"><Shape><Polygon POINTS="108,1456 203,1456 203,1557 108,1557 108,1456"/></Shape></Illustration>
</PrintSpace>
</Page>
</Layout>
</alto>