<?xml version="1.0" encoding="UTF-8"?><alto xmlns="http://www.loc.gov/standards/alto/ns-v3#" xmlns:xlink="http://www.w3.org/TR/xlink" xmlns:xsi="http://www.w3.org/2001/XMLSchema-instance" SCHEMAVERSION="alto_bnf-v2_0" xsi:schemaLocation="http://www.loc.gov/standards/alto/ns-v3# http://bibnum.bnf.fr/schema/alto_bnf-v2_0.xsd">
<Description><MeasurementUnit>pixel</MeasurementUnit><sourceImageInformation><fileName>00000013.tif</fileName><fileIdentifier>ark:/12148/bpt6k5628146t/f13</fileIdentifier><documentIdentifier documentIdentifierLocation="NUM">5628146</documentIdentifier></sourceImageInformation><OCRProcessing ID="OCR_1"><ocrProcessingStep><processingDateTime>2019-01-17</processingDateTime><processingStepDescription>[001_OCR_BRUT]OCR BRUT 74.26 %</processingStepDescription><processingStepDescription>[002_CHARS]{573}</processingStepDescription><processingStepDescription>[007_STRINGS]{126}</processingStepDescription><processingSoftware><softwareCreator>ABBYY</softwareCreator><softwareName>ABBYY FineReader Engine</softwareName><softwareVersion>11</softwareVersion></processingSoftware></ocrProcessingStep></OCRProcessing></Description>
<Styles>
</Styles>
<Layout>
<Page ACCURACY="74.26" HEIGHT="1630" ID="PAG_00000013" PHYSICAL_IMG_NR="13" QUALITY="OK" WIDTH="1004">
<TopMargin HEIGHT="138" HPOS="0" ID="PAG_00000013_TopMargin" VPOS="0" WIDTH="1004">
</TopMargin>
<LeftMargin HEIGHT="1223" HPOS="0" ID="PAG_00000013_LeftMargin" VPOS="138" WIDTH="139">
</LeftMargin>
<RightMargin HEIGHT="1223" HPOS="825" ID="PAG_00000013_RightMargin" VPOS="138" WIDTH="179">
</RightMargin>
<BottomMargin HEIGHT="269" HPOS="0" ID="PAG_00000013_BottomMargin" VPOS="1361" WIDTH="1004">
</BottomMargin>
<PrintSpace HEIGHT="1223" HPOS="139" ID="PAG_00000013_PrintSpace" VPOS="138" WIDTH="686">
<TextBlock HEIGHT="43" HPOS="455" ID="PAG_00000013_TB000001" VPOS="138" WIDTH="58" language="fr">
<TextLine HEIGHT="31" HPOS="462" ID="PAG_00000013_TL000001" VPOS="144" WIDTH="45"><String CONTENT="10" HEIGHT="31" HPOS="462" ID="PAG_00000013_ST000001" VPOS="144" WC="0.25" WIDTH="45"/></TextLine>
</TextBlock>
<TextBlock HEIGHT="1153" HPOS="139" ID="PAG_00000013_TB000002" VPOS="208" WIDTH="686" language="fr">
<TextLine HEIGHT="42" HPOS="146" ID="PAG_00000013_TL000002" VPOS="215" WIDTH="662"><String CONTENT="recevoir" HEIGHT="32" HPOS="146" ID="PAG_00000013_ST000002" VPOS="215" WC="0.7987499833" WIDTH="143"/><SP HPOS="290" ID="PAG_00000013_SP000001" VPOS="215" WIDTH="23"/><String CONTENT="long-temps" HEIGHT="42" HPOS="314" ID="PAG_00000013_ST000003" VPOS="215" WC="0.7129999995" WIDTH="200"/><SP HPOS="515" ID="PAG_00000013_SP000002" VPOS="224" WIDTH="15"/><String CONTENT="ses" HEIGHT="22" HPOS="531" ID="PAG_00000013_ST000004" VPOS="224" WC="0.9800000191" WIDTH="47"/><SP HPOS="579" ID="PAG_00000013_SP000003" VPOS="215" WIDTH="13"/><String CONTENT="leçons" HEIGHT="40" HPOS="593" ID="PAG_00000013_ST000005" VPOS="215" WC="0.5316666961" WIDTH="110"/><SP HPOS="704" ID="PAG_00000013_SP000004" VPOS="225" WIDTH="11"/><String CONTENT="," HEIGHT="17" HPOS="716" ID="PAG_00000013_ST000006" VPOS="237" WC="0.2599999905" WIDTH="9"/><SP HPOS="726" ID="PAG_00000013_SP000005" VPOS="226" WIDTH="22"/><String CONTENT="elle" HEIGHT="31" HPOS="749" ID="PAG_00000013_ST000007" VPOS="215" WC="0.5874999762" WIDTH="59"/></TextLine>
<TextLine HEIGHT="43" HPOS="147" ID="PAG_00000013_TL000003" VPOS="271" WIDTH="667"><String CONTENT="n’avait" HEIGHT="33" HPOS="147" ID="PAG_00000013_ST000008" VPOS="271" WC="0.7485714555" WIDTH="118"/><SP HPOS="266" ID="PAG_00000013_SP000006" VPOS="277" WIDTH="27"/><String CONTENT="encore" HEIGHT="21" HPOS="294" ID="PAG_00000013_ST000009" VPOS="283" WC="0.8100000024" WIDTH="115"/><SP HPOS="410" ID="PAG_00000013_SP000007" VPOS="283" WIDTH="27"/><String CONTENT="que" HEIGHT="31" HPOS="438" ID="PAG_00000013_ST000010" VPOS="283" WC="0.4866666794" WIDTH="63"/><SP HPOS="502" ID="PAG_00000013_SP000008" VPOS="283" WIDTH="25"/><String CONTENT="quatre" HEIGHT="35" HPOS="528" ID="PAG_00000013_ST000011" VPOS="278" WC="0.6933333278" WIDTH="115"/><SP HPOS="644" ID="PAG_00000013_SP000009" VPOS="283" WIDTH="15"/><String CONTENT="ans" HEIGHT="20" HPOS="660" ID="PAG_00000013_ST000012" VPOS="283" WC="0.7366666794" WIDTH="56"/><SP HPOS="717" ID="PAG_00000013_SP000010" VPOS="273" WIDTH="11"/><String CONTENT="lors" HEIGHT="31" HPOS="729" ID="PAG_00000013_ST000013" SUBS_CONTENT="lorsqu’il" SUBS_TYPE="HypPart1" VPOS="273" WC="0.8550000191" WIDTH="66"/><HYP CONTENT="­"/></TextLine>
<TextLine HEIGHT="42" HPOS="150" ID="PAG_00000013_TL000004" VPOS="329" WIDTH="662"><String CONTENT="qu’il" HEIGHT="42" HPOS="150" ID="PAG_00000013_ST000014" SUBS_CONTENT="lorsqu’il" SUBS_TYPE="HypPart2" VPOS="329" WC="0.7779999971" WIDTH="80"/><SP HPOS="231" ID="PAG_00000013_SP000011" VPOS="331" WIDTH="13"/><String CONTENT="mourut." HEIGHT="25" HPOS="245" ID="PAG_00000013_ST000015" VPOS="336" WC="0.7985714078" WIDTH="145"/><SP HPOS="391" ID="PAG_00000013_SP000012" VPOS="331" WIDTH="18"/><String CONTENT="Restée" HEIGHT="31" HPOS="410" ID="PAG_00000013_ST000016" VPOS="330" WC="0.6216666698" WIDTH="111"/><SP HPOS="522" ID="PAG_00000013_SP000013" VPOS="341" WIDTH="12"/><String CONTENT="veuve" HEIGHT="20" HPOS="535" ID="PAG_00000013_ST000017" VPOS="341" WC="0.8439999819" WIDTH="100"/><SP HPOS="636" ID="PAG_00000013_SP000014" VPOS="331" WIDTH="13"/><String CONTENT="de" HEIGHT="30" HPOS="650" ID="PAG_00000013_ST000018" VPOS="331" WC="0.7799999714" WIDTH="39"/><SP HPOS="690" ID="PAG_00000013_SP000015" VPOS="331" WIDTH="12"/><String CONTENT="bonne" HEIGHT="31" HPOS="703" ID="PAG_00000013_ST000019" VPOS="331" WC="0.5680000186" WIDTH="109"/></TextLine>
<TextLine HEIGHT="45" HPOS="150" ID="PAG_00000013_TL000005" VPOS="386" WIDTH="666"><String CONTENT="heure," HEIGHT="38" HPOS="150" ID="PAG_00000013_ST000020" VPOS="388" WC="0.6866666675" WIDTH="118"/><SP HPOS="269" ID="PAG_00000013_SP000016" VPOS="398" WIDTH="35"/><String CONTENT="madame" HEIGHT="32" HPOS="305" ID="PAG_00000013_ST000021" VPOS="387" WC="0.7466666698" WIDTH="149"/><SP HPOS="455" ID="PAG_00000013_SP000017" VPOS="387" WIDTH="41"/><String CONTENT="P.**" HEIGHT="33" HPOS="497" ID="PAG_00000013_ST000022" VPOS="386" WC="0.8174999952" WIDTH="83"/><SP HPOS="581" ID="PAG_00000013_SP000018" VPOS="387" WIDTH="22"/><String CONTENT="ne" HEIGHT="21" HPOS="604" ID="PAG_00000013_ST000023" VPOS="399" WC="0.6349999905" WIDTH="41"/><SP HPOS="646" ID="PAG_00000013_SP000019" VPOS="399" WIDTH="25"/><String CONTENT="négligea" HEIGHT="43" HPOS="672" ID="PAG_00000013_ST000024" VPOS="388" WC="0.5600000024" WIDTH="144"/></TextLine>
<TextLine HEIGHT="42" HPOS="150" ID="PAG_00000013_TL000006" VPOS="445" WIDTH="665"><String CONTENT="rien" HEIGHT="31" HPOS="150" ID="PAG_00000013_ST000025" VPOS="445" WC="1" WIDTH="71"/><SP HPOS="222" ID="PAG_00000013_SP000020" VPOS="455" WIDTH="33"/><String CONTENT="pour" HEIGHT="31" HPOS="256" ID="PAG_00000013_ST000026" VPOS="455" WC="0.6299999952" WIDTH="87"/><SP HPOS="344" ID="PAG_00000013_SP000021" VPOS="446" WIDTH="30"/><String CONTENT="inspirer" HEIGHT="41" HPOS="375" ID="PAG_00000013_ST000027" VPOS="446" WC="0.75" WIDTH="138"/><SP HPOS="514" ID="PAG_00000013_SP000022" VPOS="445" WIDTH="28"/><String CONTENT="à" HEIGHT="30" HPOS="543" ID="PAG_00000013_ST000028" VPOS="445" WC="0.200000003" WIDTH="19"/><SP HPOS="563" ID="PAG_00000013_SP000023" VPOS="445" WIDTH="28"/><String CONTENT="sa" HEIGHT="20" HPOS="592" ID="PAG_00000013_ST000029" VPOS="456" WC="1" WIDTH="34"/><SP HPOS="627" ID="PAG_00000013_SP000024" VPOS="446" WIDTH="26"/><String CONTENT="fille" HEIGHT="30" HPOS="654" ID="PAG_00000013_ST000030" VPOS="446" WC="0.7540000081" WIDTH="65"/><SP HPOS="720" ID="PAG_00000013_SP000025" VPOS="447" WIDTH="39"/><String CONTENT="des" HEIGHT="30" HPOS="760" ID="PAG_00000013_ST000031" VPOS="447" WC="1" WIDTH="55"/></TextLine>
<TextLine HEIGHT="43" HPOS="151" ID="PAG_00000013_TL000007" VPOS="501" WIDTH="665"><String CONTENT="sentiments" HEIGHT="30" HPOS="151" ID="PAG_00000013_ST000032" VPOS="503" WC="0.8159999847" WIDTH="189"/><SP HPOS="341" ID="PAG_00000013_SP000026" VPOS="503" WIDTH="36"/><String CONTENT="de" HEIGHT="30" HPOS="378" ID="PAG_00000013_ST000033" VPOS="503" WC="1" WIDTH="38"/><SP HPOS="417" ID="PAG_00000013_SP000027" VPOS="514" WIDTH="32"/><String CONTENT="piété." HEIGHT="42" HPOS="450" ID="PAG_00000013_ST000034" VPOS="502" WC="0.9316666722" WIDTH="99"/><SP HPOS="550" ID="PAG_00000013_SP000028" VPOS="503" WIDTH="36"/><String CONTENT="Retirée" HEIGHT="32" HPOS="587" ID="PAG_00000013_ST000035" VPOS="501" WC="0.8257142901" WIDTH="126"/><SP HPOS="714" ID="PAG_00000013_SP000029" VPOS="502" WIDTH="24"/><String CONTENT="à" HEIGHT="31" HPOS="739" ID="PAG_00000013_ST000036" VPOS="502" WC="0.25" WIDTH="16"/><SP HPOS="756" ID="PAG_00000013_SP000030" VPOS="502" WIDTH="28"/><String CONTENT="la" HEIGHT="30" HPOS="785" ID="PAG_00000013_ST000037" VPOS="504" WC="1" WIDTH="31"/></TextLine>
<TextLine HEIGHT="41" HPOS="151" ID="PAG_00000013_TL000008" VPOS="560" WIDTH="665"><String CONTENT="campagne" HEIGHT="31" HPOS="151" ID="PAG_00000013_ST000038" VPOS="570" WC="0.7212499976" WIDTH="175"/><SP HPOS="327" ID="PAG_00000013_SP000031" VPOS="571" WIDTH="19"/><String CONTENT="avec" HEIGHT="21" HPOS="347" ID="PAG_00000013_ST000039" VPOS="570" WC="0.8399999738" WIDTH="76"/><SP HPOS="424" ID="PAG_00000013_SP000032" VPOS="570" WIDTH="14"/><String CONTENT="une" HEIGHT="20" HPOS="439" ID="PAG_00000013_ST000040" VPOS="570" WC="0.6233333349" WIDTH="66"/><SP HPOS="506" ID="PAG_00000013_SP000033" VPOS="560" WIDTH="14"/><String CONTENT="belle-sœur" HEIGHT="31" HPOS="521" ID="PAG_00000013_ST000041" VPOS="560" WC="0.8109999895" WIDTH="195"/><SP HPOS="717" ID="PAG_00000013_SP000034" VPOS="571" WIDTH="13"/><String CONTENT="aussi" HEIGHT="30" HPOS="731" ID="PAG_00000013_ST000042" VPOS="562" WC="0.8360000253" WIDTH="85"/></TextLine>
<TextLine HEIGHT="43" HPOS="151" ID="PAG_00000013_TL000009" VPOS="616" WIDTH="666"><String CONTENT="vertueuse" HEIGHT="26" HPOS="151" ID="PAG_00000013_ST000043" VPOS="623" WC="0.8088889122" WIDTH="167"/><SP HPOS="319" ID="PAG_00000013_SP000035" VPOS="628" WIDTH="28"/><String CONTENT="qu’elle," HEIGHT="43" HPOS="348" ID="PAG_00000013_ST000044" VPOS="616" WC="0.9800000191" WIDTH="138"/><SP HPOS="487" ID="PAG_00000013_SP000036" VPOS="629" WIDTH="30"/><String CONTENT="elle" HEIGHT="31" HPOS="518" ID="PAG_00000013_ST000045" VPOS="618" WC="0.8774999976" WIDTH="60"/><SP HPOS="579" ID="PAG_00000013_SP000037" VPOS="629" WIDTH="33"/><String CONTENT="ne" HEIGHT="20" HPOS="613" ID="PAG_00000013_ST000046" VPOS="629" WC="0.8349999785" WIDTH="40"/><SP HPOS="654" ID="PAG_00000013_SP000038" VPOS="619" WIDTH="33"/><String CONTENT="désirait" HEIGHT="32" HPOS="688" ID="PAG_00000013_ST000047" VPOS="618" WC="0.7475000024" WIDTH="129"/></TextLine>
<TextLine HEIGHT="41" HPOS="151" ID="PAG_00000013_TL000010" VPOS="675" WIDTH="666"><String CONTENT="rien" HEIGHT="31" HPOS="151" ID="PAG_00000013_ST000048" VPOS="675" WC="0.8075000048" WIDTH="69"/><SP HPOS="221" ID="PAG_00000013_SP000039" VPOS="680" WIDTH="19"/><String CONTENT="tant" HEIGHT="26" HPOS="241" ID="PAG_00000013_ST000049" VPOS="679" WC="0.8224999905" WIDTH="70"/><SP HPOS="312" ID="PAG_00000013_SP000040" VPOS="679" WIDTH="26"/><String CONTENT="que" HEIGHT="30" HPOS="339" ID="PAG_00000013_ST000050" VPOS="685" WC="0.7766666412" WIDTH="63"/><SP HPOS="403" ID="PAG_00000013_SP000041" VPOS="675" WIDTH="25"/><String CONTENT="de" HEIGHT="31" HPOS="429" ID="PAG_00000013_ST000051" VPOS="675" WC="1" WIDTH="39"/><SP HPOS="469" ID="PAG_00000013_SP000042" VPOS="685" WIDTH="36"/><String CONTENT="voir" HEIGHT="31" HPOS="506" ID="PAG_00000013_ST000052" VPOS="675" WC="1" WIDTH="69"/><SP HPOS="576" ID="PAG_00000013_SP000043" VPOS="685" WIDTH="17"/><String CONTENT="régner" HEIGHT="41" HPOS="594" ID="PAG_00000013_ST000053" VPOS="675" WC="0.4550000131" WIDTH="114"/><SP HPOS="709" ID="PAG_00000013_SP000044" VPOS="676" WIDTH="28"/><String CONTENT="dans" HEIGHT="31" HPOS="738" ID="PAG_00000013_ST000054" VPOS="676" WC="0.7375000119" WIDTH="79"/></TextLine>
<TextLine HEIGHT="34" HPOS="153" ID="PAG_00000013_TL000011" VPOS="731" WIDTH="665"><String CONTENT="son" HEIGHT="21" HPOS="153" ID="PAG_00000013_ST000055" VPOS="743" WC="0.6200000048" WIDTH="58"/><SP HPOS="212" ID="PAG_00000013_SP000045" VPOS="732" WIDTH="15"/><String CONTENT="âme" HEIGHT="31" HPOS="228" ID="PAG_00000013_ST000056" VPOS="732" WC="0.8633333445" WIDTH="71"/><SP HPOS="300" ID="PAG_00000013_SP000046" VPOS="733" WIDTH="26"/><String CONTENT="l’amour" HEIGHT="32" HPOS="327" ID="PAG_00000013_ST000057" VPOS="731" WC="0.8857142925" WIDTH="138"/><SP HPOS="466" ID="PAG_00000013_SP000047" VPOS="733" WIDTH="24"/><String CONTENT="de" HEIGHT="30" HPOS="491" ID="PAG_00000013_ST000058" VPOS="733" WC="1" WIDTH="38"/><SP HPOS="530" ID="PAG_00000013_SP000048" VPOS="732" WIDTH="24"/><String CONTENT="Dieu" HEIGHT="31" HPOS="555" ID="PAG_00000013_ST000059" VPOS="732" WC="0.8299999833" WIDTH="81"/><SP HPOS="637" ID="PAG_00000013_SP000049" VPOS="743" WIDTH="24"/><String CONTENT="et" HEIGHT="25" HPOS="662" ID="PAG_00000013_ST000060" VPOS="738" WC="1" WIDTH="32"/><SP HPOS="695" ID="PAG_00000013_SP000050" VPOS="734" WIDTH="24"/><String CONTENT="l’hor" HEIGHT="33" HPOS="720" ID="PAG_00000013_ST000061" SUBS_CONTENT="l’horreur" SUBS_TYPE="HypPart1" VPOS="732" WC="0.9120000005" WIDTH="83"/><HYP CONTENT="­"/></TextLine>
<TextLine HEIGHT="32" HPOS="151" ID="PAG_00000013_TL000012" VPOS="790" WIDTH="664"><String CONTENT="reur" HEIGHT="20" HPOS="151" ID="PAG_00000013_ST000062" SUBS_CONTENT="l’horreur" SUBS_TYPE="HypPart2" VPOS="801" WC="1" WIDTH="76"/><SP HPOS="228" ID="PAG_00000013_SP000051" VPOS="790" WIDTH="30"/><String CONTENT="du" HEIGHT="30" HPOS="259" ID="PAG_00000013_ST000063" VPOS="790" WC="1" WIDTH="45"/><SP HPOS="305" ID="PAG_00000013_SP000052" VPOS="799" WIDTH="20"/><String CONTENT="vice." HEIGHT="31" HPOS="326" ID="PAG_00000013_ST000064" VPOS="790" WC="0.7879999876" WIDTH="84"/><SP HPOS="411" ID="PAG_00000013_SP000053" VPOS="790" WIDTH="25"/><String CONTENT="Elle" HEIGHT="30" HPOS="437" ID="PAG_00000013_ST000065" VPOS="790" WC="0.8349999785" WIDTH="66"/><SP HPOS="504" ID="PAG_00000013_SP000054" VPOS="800" WIDTH="25"/><String CONTENT="se" HEIGHT="20" HPOS="530" ID="PAG_00000013_ST000066" VPOS="800" WC="0.8199999928" WIDTH="32"/><SP HPOS="563" ID="PAG_00000013_SP000055" VPOS="800" WIDTH="25"/><String CONTENT="mettait" HEIGHT="30" HPOS="589" ID="PAG_00000013_ST000067" VPOS="791" WC="0.7985714078" WIDTH="129"/><SP HPOS="719" ID="PAG_00000013_SP000056" VPOS="790" WIDTH="13"/><String CONTENT="à" HEIGHT="31" HPOS="733" ID="PAG_00000013_ST000068" VPOS="790" WC="0.2599999905" WIDTH="19"/><SP HPOS="753" ID="PAG_00000013_SP000057" VPOS="790" WIDTH="27"/><String CONTENT="sa" HEIGHT="20" HPOS="781" ID="PAG_00000013_ST000069" VPOS="802" WC="0.7049999833" WIDTH="34"/></TextLine>
<TextLine HEIGHT="43" HPOS="153" ID="PAG_00000013_TL000013" VPOS="846" WIDTH="663"><String CONTENT="portée," HEIGHT="43" HPOS="153" ID="PAG_00000013_ST000070" VPOS="846" WC="0.895714283" WIDTH="135"/><SP HPOS="289" ID="PAG_00000013_SP000058" VPOS="858" WIDTH="40"/><String CONTENT="parlait" HEIGHT="42" HPOS="330" ID="PAG_00000013_ST000071" VPOS="847" WC="0.8185714483" WIDTH="118"/><SP HPOS="449" ID="PAG_00000013_SP000059" VPOS="852" WIDTH="40"/><String CONTENT="son" HEIGHT="21" HPOS="490" ID="PAG_00000013_ST000072" VPOS="856" WC="0.6433333158" WIDTH="57"/><SP HPOS="548" ID="PAG_00000013_SP000060" VPOS="847" WIDTH="39"/><String CONTENT="langage," HEIGHT="41" HPOS="588" ID="PAG_00000013_ST000073" VPOS="847" WC="0.6875" WIDTH="154"/><SP HPOS="743" ID="PAG_00000013_SP000061" VPOS="859" WIDTH="32"/><String CONTENT="ne" HEIGHT="20" HPOS="776" ID="PAG_00000013_ST000074" VPOS="859" WC="0.6499999762" WIDTH="40"/></TextLine>
<TextLine HEIGHT="42" HPOS="152" ID="PAG_00000013_TL000014" VPOS="904" WIDTH="665"><String CONTENT="laissait" HEIGHT="30" HPOS="152" ID="PAG_00000013_ST000075" VPOS="905" WC="0.8550000191" WIDTH="121"/><SP HPOS="274" ID="PAG_00000013_SP000062" VPOS="904" WIDTH="16"/><String CONTENT="échapper" HEIGHT="42" HPOS="291" ID="PAG_00000013_ST000076" VPOS="904" WC="0.8562499881" WIDTH="160"/><SP HPOS="452" ID="PAG_00000013_SP000063" VPOS="915" WIDTH="16"/><String CONTENT="aucune" HEIGHT="21" HPOS="469" ID="PAG_00000013_ST000077" VPOS="914" WC="0.6949999928" WIDTH="126"/><SP HPOS="596" ID="PAG_00000013_SP000064" VPOS="914" WIDTH="14"/><String CONTENT="occasion" HEIGHT="32" HPOS="611" ID="PAG_00000013_ST000078" VPOS="904" WC="0.8937500119" WIDTH="148"/><SP HPOS="760" ID="PAG_00000013_SP000065" VPOS="905" WIDTH="17"/><String CONTENT="de" HEIGHT="32" HPOS="778" ID="PAG_00000013_ST000079" VPOS="905" WC="1" WIDTH="39"/></TextLine>
<TextLine HEIGHT="44" HPOS="154" ID="PAG_00000013_TL000015" VPOS="960" WIDTH="661"><String CONTENT="lui" HEIGHT="31" HPOS="154" ID="PAG_00000013_ST000080" VPOS="962" WC="0.7233333588" WIDTH="46"/><SP HPOS="201" ID="PAG_00000013_SP000066" VPOS="962" WIDTH="23"/><String CONTENT="parler" HEIGHT="41" HPOS="225" ID="PAG_00000013_ST000081" VPOS="963" WC="0.9016666412" WIDTH="106"/><SP HPOS="332" ID="PAG_00000013_SP000067" VPOS="962" WIDTH="37"/><String CONTENT="de" HEIGHT="30" HPOS="370" ID="PAG_00000013_ST000082" VPOS="962" WC="1" WIDTH="38"/><SP HPOS="409" ID="PAG_00000013_SP000068" VPOS="960" WIDTH="21"/><String CONTENT="Dieu" HEIGHT="32" HPOS="431" ID="PAG_00000013_ST000083" VPOS="960" WC="0.6474999785" WIDTH="82"/><SP HPOS="514" ID="PAG_00000013_SP000069" VPOS="971" WIDTH="22"/><String CONTENT="et" HEIGHT="26" HPOS="537" ID="PAG_00000013_ST000084" VPOS="966" WC="1" WIDTH="31"/><SP HPOS="569" ID="PAG_00000013_SP000070" VPOS="961" WIDTH="24"/><String CONTENT="de" HEIGHT="31" HPOS="594" ID="PAG_00000013_ST000085" VPOS="961" WC="1" WIDTH="39"/><SP HPOS="634" ID="PAG_00000013_SP000071" VPOS="972" WIDTH="24"/><String CONTENT="sa" HEIGHT="19" HPOS="659" ID="PAG_00000013_ST000086" VPOS="972" WC="0.9449999928" WIDTH="33"/><SP HPOS="693" ID="PAG_00000013_SP000072" VPOS="962" WIDTH="20"/><String CONTENT="bonté" HEIGHT="32" HPOS="714" ID="PAG_00000013_ST000087" VPOS="961" WC="0.6919999719" WIDTH="101"/></TextLine>
<TextLine HEIGHT="44" HPOS="153" ID="PAG_00000013_TL000016" VPOS="1016" WIDTH="665"><String CONTENT="pour" HEIGHT="32" HPOS="153" ID="PAG_00000013_ST000088" VPOS="1028" WC="0.7799999714" WIDTH="84"/><SP HPOS="238" ID="PAG_00000013_SP000073" VPOS="1018" WIDTH="37"/><String CONTENT="les" HEIGHT="30" HPOS="276" ID="PAG_00000013_ST000089" VPOS="1018" WC="0.7933333516" WIDTH="45"/><SP HPOS="322" ID="PAG_00000013_SP000074" VPOS="1028" WIDTH="26"/><String CONTENT="enfants" HEIGHT="32" HPOS="349" ID="PAG_00000013_ST000090" VPOS="1016" WC="0.7428571582" WIDTH="123"/><SP HPOS="473" ID="PAG_00000013_SP000075" VPOS="1028" WIDTH="37"/><String CONTENT="qui" HEIGHT="40" HPOS="511" ID="PAG_00000013_ST000091" VPOS="1018" WC="0.676666677" WIDTH="58"/><SP HPOS="570" ID="PAG_00000013_SP000076" VPOS="1018" WIDTH="29"/><String CONTENT="l’aiment" HEIGHT="32" HPOS="600" ID="PAG_00000013_ST000092" VPOS="1017" WC="0.8337500095" WIDTH="145"/><SP HPOS="746" ID="PAG_00000013_SP000077" VPOS="1020" WIDTH="32"/><String CONTENT="de" HEIGHT="31" HPOS="779" ID="PAG_00000013_ST000093" VPOS="1020" WC="0.8500000238" WIDTH="39"/></TextLine>
<TextLine HEIGHT="40" HPOS="154" ID="PAG_00000013_TL000017" VPOS="1074" WIDTH="665"><String CONTENT="tout" HEIGHT="26" HPOS="154" ID="PAG_00000013_ST000094" VPOS="1080" WC="0.8149999976" WIDTH="73"/><SP HPOS="228" ID="PAG_00000013_SP000078" VPOS="1075" WIDTH="32"/><String CONTENT="leur" HEIGHT="31" HPOS="261" ID="PAG_00000013_ST000095" VPOS="1075" WC="0.9499999881" WIDTH="70"/><SP HPOS="332" ID="PAG_00000013_SP000079" VPOS="1084" WIDTH="36"/><String CONTENT="cœur." HEIGHT="19" HPOS="369" ID="PAG_00000013_ST000096" VPOS="1085" WC="0.8859999776" WIDTH="103"/><SP HPOS="473" ID="PAG_00000013_SP000080" VPOS="1074" WIDTH="28"/><String CONTENT="Des" HEIGHT="31" HPOS="502" ID="PAG_00000013_ST000097" VPOS="1074" WC="0.7599999905" WIDTH="62"/><SP HPOS="565" ID="PAG_00000013_SP000081" VPOS="1075" WIDTH="30"/><String CONTENT="leçons" HEIGHT="39" HPOS="596" ID="PAG_00000013_ST000098" VPOS="1075" WC="0.896666646" WIDTH="111"/><SP HPOS="708" ID="PAG_00000013_SP000082" VPOS="1086" WIDTH="26"/><String CONTENT="aussi" HEIGHT="31" HPOS="735" ID="PAG_00000013_ST000099" VPOS="1077" WC="0.5139999986" WIDTH="84"/></TextLine>
<TextLine HEIGHT="42" HPOS="155" ID="PAG_00000013_TL000018" VPOS="1133" WIDTH="663"><String CONTENT="sages" HEIGHT="31" HPOS="155" ID="PAG_00000013_ST000100" VPOS="1144" WC="0.8600000143" WIDTH="87"/><SP HPOS="243" ID="PAG_00000013_SP000083" VPOS="1144" WIDTH="15"/><String CONTENT="," HEIGHT="17" HPOS="259" ID="PAG_00000013_ST000101" VPOS="1155" WC="0.5500000119" WIDTH="10"/><SP HPOS="270" ID="PAG_00000013_SP000084" VPOS="1133" WIDTH="30"/><String CONTENT="des" HEIGHT="30" HPOS="301" ID="PAG_00000013_ST000102" VPOS="1133" WC="0.9066666961" WIDTH="53"/><SP HPOS="355" ID="PAG_00000013_SP000085" VPOS="1133" WIDTH="21"/><String CONTENT="leçons" HEIGHT="38" HPOS="377" ID="PAG_00000013_ST000103" VPOS="1133" WC="0.7450000048" WIDTH="110"/><SP HPOS="488" ID="PAG_00000013_SP000086" VPOS="1143" WIDTH="13"/><String CONTENT="sorties" HEIGHT="31" HPOS="502" ID="PAG_00000013_ST000104" VPOS="1133" WC="0.9842857122" WIDTH="112"/><SP HPOS="615" ID="PAG_00000013_SP000087" VPOS="1134" WIDTH="14"/><String CONTENT="de" HEIGHT="31" HPOS="630" ID="PAG_00000013_ST000105" VPOS="1134" WC="0.8149999976" WIDTH="38"/><SP HPOS="669" ID="PAG_00000013_SP000088" VPOS="1135" WIDTH="20"/><String CONTENT="la" HEIGHT="30" HPOS="690" ID="PAG_00000013_ST000106" VPOS="1135" WC="0.7950000167" WIDTH="31"/><SP HPOS="722" ID="PAG_00000013_SP000089" VPOS="1135" WIDTH="14"/><String CONTENT="bou" HEIGHT="32" HPOS="737" ID="PAG_00000013_ST000107" SUBS_CONTENT="bouche" SUBS_TYPE="HypPart1" VPOS="1135" WC="0.6433333158" WIDTH="67"/><HYP CONTENT="­"/></TextLine>
<TextLine HEIGHT="45" HPOS="156" ID="PAG_00000013_TL000019" VPOS="1190" WIDTH="661"><String CONTENT="che" HEIGHT="30" HPOS="156" ID="PAG_00000013_ST000108" SUBS_CONTENT="bouche" SUBS_TYPE="HypPart2" VPOS="1192" WC="0.6833333373" WIDTH="59"/><SP HPOS="216" ID="PAG_00000013_SP000090" VPOS="1191" WIDTH="21"/><String CONTENT="d’une" HEIGHT="33" HPOS="238" ID="PAG_00000013_ST000109" VPOS="1190" WC="0.8460000157" WIDTH="95"/><SP HPOS="334" ID="PAG_00000013_SP000091" VPOS="1200" WIDTH="21"/><String CONTENT="mère" HEIGHT="31" HPOS="356" ID="PAG_00000013_ST000110" VPOS="1190" WC="0.7124999762" WIDTH="87"/><SP HPOS="444" ID="PAG_00000013_SP000092" VPOS="1201" WIDTH="18"/><String CONTENT="chérie" HEIGHT="32" HPOS="463" ID="PAG_00000013_ST000111" VPOS="1190" WC="0.4466666579" WIDTH="106"/><SP HPOS="570" ID="PAG_00000013_SP000093" VPOS="1202" WIDTH="15"/><String CONTENT="ne" HEIGHT="20" HPOS="586" ID="PAG_00000013_ST000112" VPOS="1202" WC="1" WIDTH="40"/><SP HPOS="627" ID="PAG_00000013_SP000094" VPOS="1191" WIDTH="11"/><String CONTENT="furent" HEIGHT="32" HPOS="639" ID="PAG_00000013_ST000113" VPOS="1191" WC="0.5283333063" WIDTH="107"/><SP HPOS="747" ID="PAG_00000013_SP000095" VPOS="1198" WIDTH="12"/><String CONTENT="pas" HEIGHT="31" HPOS="760" ID="PAG_00000013_ST000114" VPOS="1204" WC="0.7366666794" WIDTH="57"/></TextLine>
<TextLine HEIGHT="43" HPOS="155" ID="PAG_00000013_TL000020" VPOS="1247" WIDTH="662"><String CONTENT="inutiles" HEIGHT="32" HPOS="155" ID="PAG_00000013_ST000115" VPOS="1250" WC="0.6200000048" WIDTH="130"/><SP HPOS="286" ID="PAG_00000013_SP000096" VPOS="1260" WIDTH="6"/><String CONTENT=";" HEIGHT="27" HPOS="293" ID="PAG_00000013_ST000116" VPOS="1262" WC="0.2700000107" WIDTH="9"/><SP HPOS="303" ID="PAG_00000013_SP000097" VPOS="1253" WIDTH="11"/><String CONTENT="telles" HEIGHT="33" HPOS="315" ID="PAG_00000013_ST000117" VPOS="1249" WC="0.6233333349" WIDTH="90"/><SP HPOS="406" ID="PAG_00000013_SP000098" VPOS="1258" WIDTH="13"/><String CONTENT="qu’une" HEIGHT="43" HPOS="420" ID="PAG_00000013_ST000118" VPOS="1247" WC="0.6000000238" WIDTH="119"/><SP HPOS="540" ID="PAG_00000013_SP000099" VPOS="1248" WIDTH="10"/><String CONTENT="bonne" HEIGHT="35" HPOS="551" ID="PAG_00000013_ST000119" VPOS="1248" WC="0.4639999866" WIDTH="107"/><SP HPOS="659" ID="PAG_00000013_SP000100" VPOS="1260" WIDTH="11"/><String CONTENT="semence" HEIGHT="24" HPOS="671" ID="PAG_00000013_ST000120" VPOS="1260" WC="0.5985714197" WIDTH="146"/></TextLine>
<TextLine HEIGHT="47" HPOS="152" ID="PAG_00000013_TL000021" VPOS="1308" WIDTH="665"><String CONTENT="jetée" HEIGHT="47" HPOS="152" ID="PAG_00000013_ST000121" VPOS="1308" WC="0.3680000007" WIDTH="85"/><SP HPOS="238" ID="PAG_00000013_SP000101" VPOS="1308" WIDTH="32"/><String CONTENT="dans" HEIGHT="35" HPOS="271" ID="PAG_00000013_ST000122" VPOS="1308" WC="0.237499997" WIDTH="79"/><SP HPOS="351" ID="PAG_00000013_SP000102" VPOS="1318" WIDTH="24"/><String CONTENT="une" HEIGHT="25" HPOS="376" ID="PAG_00000013_ST000123" VPOS="1318" WC="0.3333333433" WIDTH="64"/><SP HPOS="441" ID="PAG_00000013_SP000103" VPOS="1308" WIDTH="25"/><String CONTENT="bonne" HEIGHT="35" HPOS="467" ID="PAG_00000013_ST000124" VPOS="1308" WC="0.3280000091" WIDTH="107"/><SP HPOS="575" ID="PAG_00000013_SP000104" VPOS="1314" WIDTH="30"/><String CONTENT="terre," HEIGHT="38" HPOS="606" ID="PAG_00000013_ST000125" VPOS="1314" WC="0.448333323" WIDTH="102"/><SP HPOS="709" ID="PAG_00000013_SP000105" VPOS="1320" WIDTH="32"/><String CONTENT="elles" HEIGHT="37" HPOS="742" ID="PAG_00000013_ST000126" VPOS="1309" WC="0.5799999833" WIDTH="75"/></TextLine>
</TextBlock>
</PrintSpace>
</Page>
</Layout>
</alto>