<?xml version="1.0" encoding="UTF-8"?><alto xmlns="http://www.loc.gov/standards/alto/ns-v3#" xmlns:xlink="http://www.w3.org/TR/xlink" xmlns:xsi="http://www.w3.org/2001/XMLSchema-instance" SCHEMAVERSION="alto_bnf-v2_0" xsi:schemaLocation="http://www.loc.gov/standards/alto/ns-v3# http://bibnum.bnf.fr/schema/alto_bnf-v2_0.xsd">
<Description><MeasurementUnit>pixel</MeasurementUnit><sourceImageInformation><fileName>00000018.tif</fileName><fileIdentifier>ark:/12148/bpt6k5628146t/f18</fileIdentifier><documentIdentifier documentIdentifierLocation="NUM">5628146</documentIdentifier></sourceImageInformation><OCRProcessing ID="OCR_1"><ocrProcessingStep><processingDateTime>2019-01-17</processingDateTime><processingStepDescription>[001_OCR_BRUT]OCR BRUT 72.47 %</processingStepDescription><processingStepDescription>[002_CHARS]{581}</processingStepDescription><processingStepDescription>[007_STRINGS]{120}</processingStepDescription><processingSoftware><softwareCreator>ABBYY</softwareCreator><softwareName>ABBYY FineReader Engine</softwareName><softwareVersion>11</softwareVersion></processingSoftware></ocrProcessingStep></OCRProcessing></Description>
<Styles>
</Styles>
<Layout>
<Page ACCURACY="72.47" HEIGHT="1632" ID="PAG_00000018" PHYSICAL_IMG_NR="18" QUALITY="OK" WIDTH="975">
<TopMargin HEIGHT="135" HPOS="0" ID="PAG_00000018_TopMargin" VPOS="0" WIDTH="975">
</TopMargin>
<LeftMargin HEIGHT="1221" HPOS="0" ID="PAG_00000018_LeftMargin" VPOS="135" WIDTH="144">
</LeftMargin>
<RightMargin HEIGHT="1221" HPOS="832" ID="PAG_00000018_RightMargin" VPOS="135" WIDTH="143">
</RightMargin>
<BottomMargin HEIGHT="276" HPOS="0" ID="PAG_00000018_BottomMargin" VPOS="1356" WIDTH="975">
</BottomMargin>
<PrintSpace HEIGHT="1221" HPOS="144" ID="PAG_00000018_PrintSpace" VPOS="135" WIDTH="688">
<TextBlock HEIGHT="47" HPOS="459" ID="PAG_00000018_TB000001" VPOS="135" WIDTH="60" language="fr">
<TextLine HEIGHT="35" HPOS="465" ID="PAG_00000018_TL000001" VPOS="141" WIDTH="48"><String CONTENT="48" HEIGHT="35" HPOS="465" ID="PAG_00000018_ST000001" VPOS="141" WC="0.2099999934" WIDTH="48"/></TextLine>
</TextBlock>
<TextBlock HEIGHT="1151" HPOS="144" ID="PAG_00000018_TB000002" VPOS="205" WIDTH="688" language="fr">
<TextLine HEIGHT="46" HPOS="156" ID="PAG_00000018_TL000002" VPOS="211" WIDTH="664"><String CONTENT="obligée" HEIGHT="44" HPOS="156" ID="PAG_00000018_ST000002" VPOS="213" WC="0.4685714245" WIDTH="122"/><SP HPOS="279" ID="PAG_00000018_SP000001" VPOS="214" WIDTH="30"/><String CONTENT="d’employer" HEIGHT="44" HPOS="310" ID="PAG_00000018_ST000003" VPOS="213" WC="0.5860000253" WIDTH="199"/><SP HPOS="510" ID="PAG_00000018_SP000002" VPOS="223" WIDTH="35"/><String CONTENT="une" HEIGHT="23" HPOS="546" ID="PAG_00000018_ST000004" VPOS="223" WC="0.3300000131" WIDTH="66"/><SP HPOS="613" ID="PAG_00000018_SP000003" VPOS="223" WIDTH="36"/><String CONTENT="pénitence" HEIGHT="46" HPOS="650" ID="PAG_00000018_ST000005" VPOS="211" WC="0.472222209" WIDTH="170"/></TextLine>
<TextLine HEIGHT="43" HPOS="155" ID="PAG_00000018_TL000003" VPOS="272" WIDTH="665"><String CONTENT="sévère," HEIGHT="40" HPOS="155" ID="PAG_00000018_ST000006" VPOS="272" WC="0.571428597" WIDTH="121"/><SP HPOS="277" ID="PAG_00000018_SP000004" VPOS="284" WIDTH="19"/><String CONTENT="n’ayant" HEIGHT="42" HPOS="297" ID="PAG_00000018_ST000007" VPOS="272" WC="0.6714285612" WIDTH="132"/><SP HPOS="430" ID="PAG_00000018_SP000005" VPOS="278" WIDTH="20"/><String CONTENT="pu" HEIGHT="31" HPOS="451" ID="PAG_00000018_ST000008" VPOS="284" WC="0.5899999738" WIDTH="47"/><SP HPOS="499" ID="PAG_00000018_SP000006" VPOS="283" WIDTH="18"/><String CONTENT="rien" HEIGHT="31" HPOS="518" ID="PAG_00000018_ST000009" VPOS="273" WC="0.7599999905" WIDTH="72"/><SP HPOS="591" ID="PAG_00000018_SP000007" VPOS="283" WIDTH="26"/><String CONTENT="obtenir" HEIGHT="32" HPOS="618" ID="PAG_00000018_ST000010" VPOS="272" WC="0.6928571463" WIDTH="128"/><SP HPOS="747" ID="PAG_00000018_SP000008" VPOS="282" WIDTH="12"/><String CONTENT="par" HEIGHT="31" HPOS="760" ID="PAG_00000018_ST000011" VPOS="282" WC="1" WIDTH="60"/></TextLine>
<TextLine HEIGHT="33" HPOS="152" ID="PAG_00000018_TL000004" VPOS="329" WIDTH="666"><String CONTENT="la" HEIGHT="30" HPOS="152" ID="PAG_00000018_ST000012" VPOS="330" WC="1" WIDTH="32"/><SP HPOS="185" ID="PAG_00000018_SP000009" VPOS="330" WIDTH="19"/><String CONTENT="bonté." HEIGHT="31" HPOS="205" ID="PAG_00000018_ST000013" VPOS="330" WC="0.8783333302" WIDTH="111"/><SP HPOS="317" ID="PAG_00000018_SP000010" VPOS="330" WIDTH="24"/><String CONTENT="Cette" HEIGHT="32" HPOS="342" ID="PAG_00000018_ST000014" VPOS="330" WC="0.7379999757" WIDTH="89"/><SP HPOS="432" ID="PAG_00000018_SP000011" VPOS="341" WIDTH="32"/><String CONTENT="enfant" HEIGHT="32" HPOS="465" ID="PAG_00000018_ST000015" VPOS="329" WC="0.7616666555" WIDTH="112"/><SP HPOS="578" ID="PAG_00000018_SP000012" VPOS="335" WIDTH="22"/><String CONTENT="alla" HEIGHT="29" HPOS="601" ID="PAG_00000018_ST000016" VPOS="332" WC="0.9499999881" WIDTH="63"/><SP HPOS="665" ID="PAG_00000018_SP000013" VPOS="335" WIDTH="21"/><String CONTENT="trouver" HEIGHT="26" HPOS="687" ID="PAG_00000018_ST000017" VPOS="335" WC="0.7557142973" WIDTH="131"/></TextLine>
<TextLine HEIGHT="42" HPOS="152" ID="PAG_00000018_TL000005" VPOS="386" WIDTH="667"><String CONTENT="la" HEIGHT="30" HPOS="152" ID="PAG_00000018_ST000018" VPOS="388" WC="0.8849999905" WIDTH="32"/><SP HPOS="185" ID="PAG_00000018_SP000014" VPOS="398" WIDTH="16"/><String CONTENT="maîtresse" HEIGHT="32" HPOS="202" ID="PAG_00000018_ST000019" VPOS="386" WC="0.8066666722" WIDTH="167"/><SP HPOS="370" ID="PAG_00000018_SP000015" VPOS="398" WIDTH="22"/><String CONTENT="chargée" HEIGHT="41" HPOS="393" ID="PAG_00000018_ST000020" VPOS="387" WC="0.582857132" WIDTH="134"/><SP HPOS="528" ID="PAG_00000018_SP000016" VPOS="388" WIDTH="30"/><String CONTENT="de" HEIGHT="30" HPOS="559" ID="PAG_00000018_ST000021" VPOS="388" WC="0.75" WIDTH="39"/><SP HPOS="599" ID="PAG_00000018_SP000017" VPOS="388" WIDTH="19"/><String CONTENT="lui" HEIGHT="29" HPOS="619" ID="PAG_00000018_ST000022" VPOS="388" WC="1" WIDTH="48"/><SP HPOS="668" ID="PAG_00000018_SP000018" VPOS="387" WIDTH="24"/><String CONTENT="infliger" HEIGHT="42" HPOS="693" ID="PAG_00000018_ST000023" VPOS="386" WC="0.5887500048" WIDTH="126"/></TextLine>
<TextLine HEIGHT="41" HPOS="152" ID="PAG_00000018_TL000006" VPOS="444" WIDTH="667"><String CONTENT="la" HEIGHT="29" HPOS="152" ID="PAG_00000018_ST000024" VPOS="445" WC="0.8050000072" WIDTH="31"/><SP HPOS="184" ID="PAG_00000018_SP000019" VPOS="454" WIDTH="23"/><String CONTENT="punition;" HEIGHT="40" HPOS="208" ID="PAG_00000018_ST000025" VPOS="445" WC="0.5677777529" WIDTH="179"/><SP HPOS="388" ID="PAG_00000018_SP000020" VPOS="454" WIDTH="29"/><String CONTENT="celle-ci," HEIGHT="39" HPOS="418" ID="PAG_00000018_ST000026" VPOS="444" WC="0.9033333063" WIDTH="145"/><SP HPOS="564" ID="PAG_00000018_SP000021" VPOS="455" WIDTH="24"/><String CONTENT="en" HEIGHT="20" HPOS="589" ID="PAG_00000018_ST000027" VPOS="455" WC="0.6200000048" WIDTH="40"/><SP HPOS="630" ID="PAG_00000018_SP000022" VPOS="454" WIDTH="20"/><String CONTENT="voyant" HEIGHT="36" HPOS="651" ID="PAG_00000018_ST000028" VPOS="449" WC="0.6499999762" WIDTH="122"/><SP HPOS="774" ID="PAG_00000018_SP000023" VPOS="445" WIDTH="12"/><String CONTENT="la" HEIGHT="29" HPOS="787" ID="PAG_00000018_ST000029" VPOS="445" WC="1" WIDTH="32"/></TextLine>
<TextLine HEIGHT="44" HPOS="153" ID="PAG_00000018_TL000007" VPOS="500" WIDTH="666"><String CONTENT="soumission," HEIGHT="39" HPOS="153" ID="PAG_00000018_ST000030" VPOS="501" WC="0.7963636518" WIDTH="212"/><SP HPOS="366" ID="PAG_00000018_SP000024" VPOS="501" WIDTH="31"/><String CONTENT="l’humilité" HEIGHT="32" HPOS="398" ID="PAG_00000018_ST000031" VPOS="500" WC="0.6719999909" WIDTH="175"/><SP HPOS="574" ID="PAG_00000018_SP000025" VPOS="500" WIDTH="34"/><String CONTENT="d’Augustine" HEIGHT="43" HPOS="609" ID="PAG_00000018_ST000032" VPOS="501" WC="0.7145454288" WIDTH="210"/></TextLine>
<TextLine HEIGHT="45" HPOS="155" ID="PAG_00000018_TL000008" VPOS="556" WIDTH="665"><String CONTENT="(qui" HEIGHT="45" HPOS="155" ID="PAG_00000018_ST000033" VPOS="556" WC="0.7375000119" WIDTH="77"/><SP HPOS="233" ID="PAG_00000018_SP000026" VPOS="559" WIDTH="18"/><String CONTENT="avait" HEIGHT="31" HPOS="252" ID="PAG_00000018_ST000034" VPOS="559" WC="0.8519999981" WIDTH="86"/><SP HPOS="339" ID="PAG_00000018_SP000027" VPOS="559" WIDTH="28"/><String CONTENT="l’air" HEIGHT="33" HPOS="368" ID="PAG_00000018_ST000035" VPOS="557" WC="0.9160000086" WIDTH="70"/><SP HPOS="439" ID="PAG_00000018_SP000028" VPOS="559" WIDTH="21"/><String CONTENT="de" HEIGHT="31" HPOS="461" ID="PAG_00000018_ST000036" VPOS="559" WC="0.75" WIDTH="39"/><SP HPOS="501" ID="PAG_00000018_SP000029" VPOS="560" WIDTH="26"/><String CONTENT="dire" HEIGHT="33" HPOS="528" ID="PAG_00000018_ST000037" VPOS="560" WC="0.4900000095" WIDTH="68"/><SP HPOS="597" ID="PAG_00000018_SP000030" VPOS="570" WIDTH="26"/><String CONTENT=":" HEIGHT="18" HPOS="624" ID="PAG_00000018_ST000038" VPOS="572" WC="1" WIDTH="7"/><SP HPOS="632" ID="PAG_00000018_SP000031" VPOS="570" WIDTH="38"/><String CONTENT="oh!" HEIGHT="31" HPOS="671" ID="PAG_00000018_ST000039" VPOS="560" WC="0.4866666794" WIDTH="62"/><SP HPOS="734" ID="PAG_00000018_SP000032" VPOS="560" WIDTH="30"/><String CONTENT="ma" HEIGHT="20" HPOS="765" ID="PAG_00000018_ST000040" VPOS="570" WC="0.8899999857" WIDTH="55"/></TextLine>
<TextLine HEIGHT="44" HPOS="152" ID="PAG_00000018_TL000009" VPOS="615" WIDTH="667"><String CONTENT="mère" HEIGHT="32" HPOS="152" ID="PAG_00000018_ST000041" VPOS="615" WC="0.8399999738" WIDTH="89"/><SP HPOS="242" ID="PAG_00000018_SP000033" VPOS="616" WIDTH="12"/><String CONTENT="!" HEIGHT="31" HPOS="255" ID="PAG_00000018_ST000042" VPOS="616" WC="0.1700000018" WIDTH="9"/><SP HPOS="265" ID="PAG_00000018_SP000034" VPOS="616" WIDTH="33"/><String CONTENT="punissez-moi," HEIGHT="42" HPOS="299" ID="PAG_00000018_ST000043" VPOS="616" WC="0.8799999952" WIDTH="258"/><SP HPOS="558" ID="PAG_00000018_SP000035" VPOS="617" WIDTH="36"/><String CONTENT="je" HEIGHT="42" HPOS="595" ID="PAG_00000018_ST000044" VPOS="617" WC="0.6800000072" WIDTH="34"/><SP HPOS="630" ID="PAG_00000018_SP000036" VPOS="618" WIDTH="24"/><String CONTENT="l’ai" HEIGHT="32" HPOS="655" ID="PAG_00000018_ST000045" VPOS="616" WC="0.9950000048" WIDTH="54"/><SP HPOS="710" ID="PAG_00000018_SP000037" VPOS="617" WIDTH="30"/><String CONTENT="bien" HEIGHT="30" HPOS="741" ID="PAG_00000018_ST000046" VPOS="617" WC="0.6549999714" WIDTH="78"/></TextLine>
<TextLine HEIGHT="45" HPOS="152" ID="PAG_00000018_TL000010" VPOS="671" WIDTH="667"><String CONTENT="mérité" HEIGHT="32" HPOS="152" ID="PAG_00000018_ST000047" VPOS="672" WC="0.7666666508" WIDTH="115"/><SP HPOS="268" ID="PAG_00000018_SP000038" VPOS="671" WIDTH="9"/><String CONTENT=")," HEIGHT="45" HPOS="278" ID="PAG_00000018_ST000048" VPOS="671" WC="0.7099999785" WIDTH="30"/><SP HPOS="309" ID="PAG_00000018_SP000039" VPOS="685" WIDTH="28"/><String CONTENT="ne" HEIGHT="20" HPOS="338" ID="PAG_00000018_ST000049" VPOS="685" WC="0.6549999714" WIDTH="42"/><SP HPOS="381" ID="PAG_00000018_SP000040" VPOS="685" WIDTH="19"/><String CONTENT="savait" HEIGHT="30" HPOS="401" ID="PAG_00000018_ST000050" VPOS="675" WC="0.4900000095" WIDTH="101"/><SP HPOS="503" ID="PAG_00000018_SP000041" VPOS="679" WIDTH="24"/><String CONTENT="si" HEIGHT="30" HPOS="528" ID="PAG_00000018_ST000051" VPOS="675" WC="1" WIDTH="26"/><SP HPOS="555" ID="PAG_00000018_SP000042" VPOS="675" WIDTH="21"/><String CONTENT="elle" HEIGHT="30" HPOS="577" ID="PAG_00000018_ST000052" VPOS="675" WC="0.8849999905" WIDTH="60"/><SP HPOS="638" ID="PAG_00000018_SP000043" VPOS="675" WIDTH="20"/><String CONTENT="devait" HEIGHT="31" HPOS="659" ID="PAG_00000018_ST000053" VPOS="675" WC="0.8866666555" WIDTH="106"/><SP HPOS="766" ID="PAG_00000018_SP000044" VPOS="680" WIDTH="12"/><String CONTENT="en" HEIGHT="20" HPOS="779" ID="PAG_00000018_ST000054" VPOS="686" WC="0.6299999952" WIDTH="40"/></TextLine>
<TextLine HEIGHT="42" HPOS="152" ID="PAG_00000018_TL000011" VPOS="730" WIDTH="663"><String CONTENT="venir" HEIGHT="31" HPOS="152" ID="PAG_00000018_ST000055" VPOS="731" WC="0.6719999909" WIDTH="90"/><SP HPOS="243" ID="PAG_00000018_SP000045" VPOS="730" WIDTH="31"/><String CONTENT="à" HEIGHT="31" HPOS="275" ID="PAG_00000018_ST000056" VPOS="730" WC="0.2099999934" WIDTH="19"/><SP HPOS="295" ID="PAG_00000018_SP000046" VPOS="730" WIDTH="34"/><String CONTENT="l’exécution" HEIGHT="33" HPOS="330" ID="PAG_00000018_ST000057" VPOS="730" WC="0.7454545498" WIDTH="198"/><SP HPOS="529" ID="PAG_00000018_SP000047" VPOS="742" WIDTH="14"/><String CONTENT=";" HEIGHT="27" HPOS="544" ID="PAG_00000018_ST000058" VPOS="745" WC="0" WIDTH="10"/><SP HPOS="555" ID="PAG_00000018_SP000048" VPOS="742" WIDTH="33"/><String CONTENT="mais" HEIGHT="30" HPOS="589" ID="PAG_00000018_ST000059" VPOS="732" WC="0.8949999809" WIDTH="82"/><SP HPOS="672" ID="PAG_00000018_SP000049" VPOS="742" WIDTH="32"/><String CONTENT="enfin," HEIGHT="39" HPOS="705" ID="PAG_00000018_ST000060" VPOS="732" WC="0.6549999714" WIDTH="110"/></TextLine>
<TextLine HEIGHT="43" HPOS="150" ID="PAG_00000018_TL000012" VPOS="788" WIDTH="668"><String CONTENT="pensant" HEIGHT="37" HPOS="150" ID="PAG_00000018_ST000061" VPOS="793" WC="0.9342857003" WIDTH="139"/><SP HPOS="290" ID="PAG_00000018_SP000050" VPOS="793" WIDTH="14"/><String CONTENT="que" HEIGHT="31" HPOS="305" ID="PAG_00000018_ST000062" VPOS="799" WC="0.4300000072" WIDTH="64"/><SP HPOS="370" ID="PAG_00000018_SP000051" VPOS="799" WIDTH="21"/><String CONTENT="cela" HEIGHT="30" HPOS="392" ID="PAG_00000018_ST000063" VPOS="790" WC="1" WIDTH="71"/><SP HPOS="464" ID="PAG_00000018_SP000052" VPOS="799" WIDTH="18"/><String CONTENT="pourrait" HEIGHT="41" HPOS="483" ID="PAG_00000018_ST000064" VPOS="790" WC="0.9275000095" WIDTH="150"/><SP HPOS="634" ID="PAG_00000018_SP000053" VPOS="788" WIDTH="21"/><String CONTENT="être" HEIGHT="32" HPOS="656" ID="PAG_00000018_ST000065" VPOS="788" WC="0.8575000167" WIDTH="67"/><SP HPOS="724" ID="PAG_00000018_SP000054" VPOS="799" WIDTH="12"/><String CONTENT="utile" HEIGHT="31" HPOS="737" ID="PAG_00000018_ST000066" VPOS="789" WC="1" WIDTH="81"/></TextLine>
<TextLine HEIGHT="45" HPOS="152" ID="PAG_00000018_TL000013" VPOS="843" WIDTH="665"><String CONTENT="à" HEIGHT="32" HPOS="152" ID="PAG_00000018_ST000067" VPOS="843" WC="0.5199999809" WIDTH="19"/><SP HPOS="172" ID="PAG_00000018_SP000055" VPOS="843" WIDTH="20"/><String CONTENT="l’enfant," HEIGHT="41" HPOS="193" ID="PAG_00000018_ST000068" VPOS="844" WC="0.6811110973" WIDTH="158"/><SP HPOS="352" ID="PAG_00000018_SP000056" VPOS="857" WIDTH="34"/><String CONTENT="elle" HEIGHT="31" HPOS="387" ID="PAG_00000018_ST000069" VPOS="847" WC="0.6850000024" WIDTH="60"/><SP HPOS="448" ID="PAG_00000018_SP000057" VPOS="847" WIDTH="39"/><String CONTENT="le" HEIGHT="30" HPOS="488" ID="PAG_00000018_ST000070" VPOS="847" WC="0.8849999905" WIDTH="30"/><SP HPOS="519" ID="PAG_00000018_SP000058" VPOS="846" WIDTH="35"/><String CONTENT="fit." HEIGHT="31" HPOS="555" ID="PAG_00000018_ST000071" VPOS="846" WC="0.9250000119" WIDTH="49"/><SP HPOS="605" ID="PAG_00000018_SP000059" VPOS="846" WIDTH="34"/><String CONTENT="Augustine" HEIGHT="42" HPOS="640" ID="PAG_00000018_ST000072" VPOS="846" WC="0.5644444227" WIDTH="177"/></TextLine>
<TextLine HEIGHT="44" HPOS="152" ID="PAG_00000018_TL000014" VPOS="902" WIDTH="662"><String CONTENT="exécuta" HEIGHT="32" HPOS="152" ID="PAG_00000018_ST000073" VPOS="902" WC="0.6214285493" WIDTH="136"/><SP HPOS="289" ID="PAG_00000018_SP000060" VPOS="914" WIDTH="20"/><String CONTENT="ce" HEIGHT="21" HPOS="310" ID="PAG_00000018_ST000074" VPOS="914" WC="1" WIDTH="35"/><SP HPOS="346" ID="PAG_00000018_SP000061" VPOS="914" WIDTH="25"/><String CONTENT="que" HEIGHT="31" HPOS="372" ID="PAG_00000018_ST000075" VPOS="914" WC="0.7733333111" WIDTH="64"/><SP HPOS="437" ID="PAG_00000018_SP000062" VPOS="905" WIDTH="26"/><String CONTENT="l’on" HEIGHT="32" HPOS="464" ID="PAG_00000018_ST000076" VPOS="903" WC="0.8424999714" WIDTH="67"/><SP HPOS="532" ID="PAG_00000018_SP000063" VPOS="915" WIDTH="21"/><String CONTENT="exigeait" HEIGHT="41" HPOS="554" ID="PAG_00000018_ST000077" VPOS="905" WC="0.6025000215" WIDTH="137"/><SP HPOS="692" ID="PAG_00000018_SP000064" VPOS="905" WIDTH="12"/><String CONTENT="d’elle," HEIGHT="39" HPOS="705" ID="PAG_00000018_ST000078" VPOS="904" WC="0.8185714483" WIDTH="109"/></TextLine>
<TextLine HEIGHT="43" HPOS="153" ID="PAG_00000018_TL000015" VPOS="960" WIDTH="662"><String CONTENT="et" HEIGHT="25" HPOS="153" ID="PAG_00000018_ST000079" VPOS="965" WC="1" WIDTH="32"/><SP HPOS="186" ID="PAG_00000018_SP000065" VPOS="961" WIDTH="24"/><String CONTENT="loin" HEIGHT="29" HPOS="211" ID="PAG_00000018_ST000080" VPOS="961" WC="0.7124999762" WIDTH="69"/><SP HPOS="281" ID="PAG_00000018_SP000066" VPOS="961" WIDTH="35"/><String CONTENT="d’éclater" HEIGHT="32" HPOS="317" ID="PAG_00000018_ST000081" VPOS="960" WC="0.7888888717" WIDTH="151"/><SP HPOS="469" ID="PAG_00000018_SP000067" VPOS="972" WIDTH="33"/><String CONTENT="en" HEIGHT="20" HPOS="503" ID="PAG_00000018_ST000082" VPOS="973" WC="0.6549999714" WIDTH="40"/><SP HPOS="544" ID="PAG_00000018_SP000068" VPOS="973" WIDTH="32"/><String CONTENT="sanglots," HEIGHT="40" HPOS="577" ID="PAG_00000018_ST000083" VPOS="963" WC="0.6299999952" WIDTH="164"/><SP HPOS="742" ID="PAG_00000018_SP000069" VPOS="972" WIDTH="31"/><String CONTENT="en" HEIGHT="21" HPOS="774" ID="PAG_00000018_ST000084" VPOS="972" WC="0.6299999952" WIDTH="41"/></TextLine>
<TextLine HEIGHT="38" HPOS="151" ID="PAG_00000018_TL000016" VPOS="1017" WIDTH="666"><String CONTENT="murmures," HEIGHT="30" HPOS="151" ID="PAG_00000018_ST000085" VPOS="1025" WC="0.7733333111" WIDTH="207"/><SP HPOS="359" ID="PAG_00000018_SP000070" VPOS="1027" WIDTH="33"/><String CONTENT="elle" HEIGHT="30" HPOS="393" ID="PAG_00000018_ST000086" VPOS="1017" WC="0.8575000167" WIDTH="60"/><SP HPOS="454" ID="PAG_00000018_SP000071" VPOS="1027" WIDTH="21"/><String CONTENT="se" HEIGHT="21" HPOS="476" ID="PAG_00000018_ST000087" VPOS="1027" WC="0.8399999738" WIDTH="33"/><SP HPOS="510" ID="PAG_00000018_SP000072" VPOS="1027" WIDTH="23"/><String CONTENT="rendit" HEIGHT="31" HPOS="534" ID="PAG_00000018_ST000088" VPOS="1017" WC="0.6933333278" WIDTH="109"/><SP HPOS="644" ID="PAG_00000018_SP000073" VPOS="1017" WIDTH="14"/><String CONTENT="à" HEIGHT="31" HPOS="659" ID="PAG_00000018_ST000089" VPOS="1017" WC="0.349999994" WIDTH="19"/><SP HPOS="679" ID="PAG_00000018_SP000074" VPOS="1017" WIDTH="13"/><String CONTENT="la" HEIGHT="29" HPOS="693" ID="PAG_00000018_ST000090" VPOS="1019" WC="0.7300000191" WIDTH="32"/><SP HPOS="726" ID="PAG_00000018_SP000075" VPOS="1028" WIDTH="13"/><String CONTENT="cha" HEIGHT="31" HPOS="740" ID="PAG_00000018_ST000091" SUBS_CONTENT="chapelle" SUBS_TYPE="HypPart1" VPOS="1018" WC="0.7533333302" WIDTH="61"/><HYP CONTENT="­"/></TextLine>
<TextLine HEIGHT="44" HPOS="150" ID="PAG_00000018_TL000017" VPOS="1074" WIDTH="669"><String CONTENT="pelle" HEIGHT="41" HPOS="150" ID="PAG_00000018_ST000092" SUBS_CONTENT="chapelle" SUBS_TYPE="HypPart2" VPOS="1074" WC="1" WIDTH="85"/><SP HPOS="236" ID="PAG_00000018_SP000076" VPOS="1084" WIDTH="11"/><String CONTENT="," HEIGHT="16" HPOS="248" ID="PAG_00000018_ST000093" VPOS="1096" WC="0.5699999928" WIDTH="9"/><SP HPOS="258" ID="PAG_00000018_SP000077" VPOS="1074" WIDTH="21"/><String CONTENT="demanda" HEIGHT="32" HPOS="280" ID="PAG_00000018_ST000094" VPOS="1074" WC="1" WIDTH="160"/><SP HPOS="441" ID="PAG_00000018_SP000078" VPOS="1086" WIDTH="10"/><String CONTENT="pardon" HEIGHT="41" HPOS="452" ID="PAG_00000018_ST000095" VPOS="1076" WC="0.8399999738" WIDTH="128"/><SP HPOS="581" ID="PAG_00000018_SP000079" VPOS="1074" WIDTH="19"/><String CONTENT="à" HEIGHT="32" HPOS="601" ID="PAG_00000018_ST000096" VPOS="1074" WC="0.200000003" WIDTH="19"/><SP HPOS="621" ID="PAG_00000018_SP000080" VPOS="1074" WIDTH="12"/><String CONTENT="Dieu," HEIGHT="39" HPOS="634" ID="PAG_00000018_ST000097" VPOS="1076" WC="0.65200001" WIDTH="100"/><SP HPOS="735" ID="PAG_00000018_SP000081" VPOS="1087" WIDTH="16"/><String CONTENT="prit" HEIGHT="41" HPOS="752" ID="PAG_00000018_ST000098" VPOS="1077" WC="0.9024999738" WIDTH="67"/></TextLine>
<TextLine HEIGHT="45" HPOS="151" ID="PAG_00000018_TL000018" VPOS="1129" WIDTH="664"><String CONTENT="la" HEIGHT="30" HPOS="151" ID="PAG_00000018_ST000099" VPOS="1131" WC="0.8199999928" WIDTH="33"/><SP HPOS="185" ID="PAG_00000018_SP000082" VPOS="1140" WIDTH="25"/><String CONTENT="résolution" HEIGHT="39" HPOS="211" ID="PAG_00000018_ST000100" VPOS="1129" WC="0.6050000191" WIDTH="180"/><SP HPOS="392" ID="PAG_00000018_SP000083" VPOS="1132" WIDTH="38"/><String CONTENT="de" HEIGHT="34" HPOS="431" ID="PAG_00000018_ST000101" VPOS="1132" WC="1" WIDTH="39"/><SP HPOS="471" ID="PAG_00000018_SP000084" VPOS="1143" WIDTH="32"/><String CONTENT="changer" HEIGHT="41" HPOS="504" ID="PAG_00000018_ST000102" VPOS="1133" WC="0.7628571391" WIDTH="140"/><SP HPOS="645" ID="PAG_00000018_SP000085" VPOS="1143" WIDTH="29"/><String CONTENT="entière" HEIGHT="32" HPOS="675" ID="PAG_00000018_ST000103" SUBS_CONTENT="entièrement" SUBS_TYPE="HypPart1" VPOS="1133" WC="0.6471428275" WIDTH="120"/><HYP CONTENT="­"/></TextLine>
<TextLine HEIGHT="44" HPOS="153" ID="PAG_00000018_TL000019" VPOS="1188" WIDTH="664"><String CONTENT="ment" HEIGHT="26" HPOS="153" ID="PAG_00000018_ST000104" SUBS_CONTENT="entièrement" SUBS_TYPE="HypPart2" VPOS="1193" WC="0.7875000238" WIDTH="91"/><SP HPOS="245" ID="PAG_00000018_SP000086" VPOS="1188" WIDTH="31"/><String CONTENT="de" HEIGHT="31" HPOS="277" ID="PAG_00000018_ST000105" VPOS="1188" WC="1" WIDTH="39"/><SP HPOS="317" ID="PAG_00000018_SP000087" VPOS="1199" WIDTH="32"/><String CONTENT="conduite," HEIGHT="40" HPOS="350" ID="PAG_00000018_ST000106" VPOS="1190" WC="0.8100000024" WIDTH="177"/><SP HPOS="528" ID="PAG_00000018_SP000088" VPOS="1201" WIDTH="37"/><String CONTENT="pria" HEIGHT="41" HPOS="566" ID="PAG_00000018_ST000107" VPOS="1191" WC="0.6424999833" WIDTH="72"/><SP HPOS="639" ID="PAG_00000018_SP000089" VPOS="1201" WIDTH="31"/><String CONTENT="pour" HEIGHT="31" HPOS="671" ID="PAG_00000018_ST000108" VPOS="1201" WC="0.6225000024" WIDTH="85"/><SP HPOS="757" ID="PAG_00000018_SP000090" VPOS="1193" WIDTH="27"/><String CONTENT="la" HEIGHT="30" HPOS="785" ID="PAG_00000018_ST000109" VPOS="1193" WC="0.8249999881" WIDTH="32"/></TextLine>
<TextLine HEIGHT="46" HPOS="151" ID="PAG_00000018_TL000020" VPOS="1243" WIDTH="667"><String CONTENT="maîtresse" HEIGHT="34" HPOS="151" ID="PAG_00000018_ST000110" VPOS="1243" WC="0.7722222209" WIDTH="165"/><SP HPOS="317" ID="PAG_00000018_SP000091" VPOS="1257" WIDTH="31"/><String CONTENT="qui" HEIGHT="41" HPOS="349" ID="PAG_00000018_ST000111" VPOS="1248" WC="0.7799999714" WIDTH="58"/><SP HPOS="408" ID="PAG_00000018_SP000092" VPOS="1248" WIDTH="27"/><String CONTENT="devait" HEIGHT="32" HPOS="436" ID="PAG_00000018_ST000112" VPOS="1248" WC="0.9733333588" WIDTH="107"/><SP HPOS="544" ID="PAG_00000018_SP000093" VPOS="1253" WIDTH="21"/><String CONTENT="naturellement" HEIGHT="32" HPOS="566" ID="PAG_00000018_ST000113" VPOS="1249" WC="0.7838461399" WIDTH="252"/></TextLine>
<TextLine HEIGHT="48" HPOS="152" ID="PAG_00000018_TL000021" VPOS="1301" WIDTH="665"><String CONTENT="lui" HEIGHT="32" HPOS="152" ID="PAG_00000018_ST000114" VPOS="1303" WC="0.7833333611" WIDTH="48"/><SP HPOS="201" ID="PAG_00000018_SP000094" VPOS="1303" WIDTH="22"/><String CONTENT="paraître" HEIGHT="45" HPOS="224" ID="PAG_00000018_ST000115" VPOS="1301" WC="0.65625" WIDTH="141"/><SP HPOS="366" ID="PAG_00000018_SP000095" VPOS="1315" WIDTH="27"/><String CONTENT="un" HEIGHT="22" HPOS="394" ID="PAG_00000018_ST000116" VPOS="1315" WC="0.275000006" WIDTH="47"/><SP HPOS="442" ID="PAG_00000018_SP000096" VPOS="1316" WIDTH="24"/><String CONTENT="peu" HEIGHT="33" HPOS="467" ID="PAG_00000018_ST000117" VPOS="1316" WC="0.7566666603" WIDTH="66"/><SP HPOS="534" ID="PAG_00000018_SP000097" VPOS="1316" WIDTH="34"/><String CONTENT="sévère" HEIGHT="34" HPOS="569" ID="PAG_00000018_ST000118" VPOS="1305" WC="0.5149999857" WIDTH="110"/><SP HPOS="680" ID="PAG_00000018_SP000098" VPOS="1306" WIDTH="32"/><String CONTENT="à" HEIGHT="31" HPOS="713" ID="PAG_00000018_ST000119" VPOS="1306" WC="0.4199999869" WIDTH="18"/><SP HPOS="732" ID="PAG_00000018_SP000099" VPOS="1306" WIDTH="24"/><String CONTENT="son" HEIGHT="22" HPOS="757" ID="PAG_00000018_ST000120" VPOS="1317" WC="0.7633333206" WIDTH="60"/></TextLine>
</TextBlock>
</PrintSpace>
</Page>
</Layout>
</alto>