<?xml version="1.0" encoding="UTF-8"?><alto xmlns="http://www.loc.gov/standards/alto/ns-v3#" xmlns:xlink="http://www.w3.org/TR/xlink" xmlns:xsi="http://www.w3.org/2001/XMLSchema-instance" SCHEMAVERSION="alto_bnf-v2_0" xsi:schemaLocation="http://www.loc.gov/standards/alto/ns-v3# http://bibnum.bnf.fr/schema/alto_bnf-v2_0.xsd">
<Description><MeasurementUnit>pixel</MeasurementUnit><sourceImageInformation><fileName>00000011.tif</fileName><fileIdentifier>ark:/12148/bpt6k5628146t/f11</fileIdentifier><documentIdentifier documentIdentifierLocation="NUM">5628146</documentIdentifier></sourceImageInformation><OCRProcessing ID="OCR_1"><ocrProcessingStep><processingDateTime>2019-01-17</processingDateTime><processingStepDescription>[001_OCR_BRUT]OCR BRUT 30.52 %</processingStepDescription><processingStepDescription>[002_CHARS]{11}</processingStepDescription><processingStepDescription>[007_STRINGS]{3}</processingStepDescription><processingSoftware><softwareCreator>ABBYY</softwareCreator><softwareName>ABBYY FineReader Engine</softwareName><softwareVersion>11</softwareVersion></processingSoftware></ocrProcessingStep></OCRProcessing></Description>
<Styles>
</Styles>
<Layout>
<Page ACCURACY="30.52" HEIGHT="1616" ID="PAG_00000011" PHYSICAL_IMG_NR="11" QUALITY="OK" WIDTH="979">
<LeftMargin HEIGHT="1616" HPOS="0" ID="PAG_00000011_LeftMargin" VPOS="0" WIDTH="14">
</LeftMargin>
<PrintSpace HEIGHT="1616" HPOS="14" ID="PAG_00000011_PrintSpace" VPOS="0" WIDTH="965">
<ComposedBlock HEIGHT="216" HPOS="14" ID="PAG_00000011_CB000001" TYPE="container" VPOS="0" WIDTH="965"><Shape><Polygon POINTS="24,0 990,0 990,216 24,216 24,0"/></Shape>
<TextBlock HEIGHT="57" HPOS="14" ID="PAG_00000011_TB000001" VPOS="143" WIDTH="144" language="fr"><Shape><Polygon POINTS="24,144 168,144 168,200 24,200 24,144"/></Shape>
<TextLine HEIGHT="3" HPOS="148" ID="PAG_00000011_TL000001" VPOS="186" WIDTH="3"><String CONTENT="." HEIGHT="3" HPOS="148" ID="PAG_00000011_ST000001" VPOS="186" WC="0.5799999833" WIDTH="3"/></TextLine>
</TextBlock></ComposedBlock>
<Illustration HEIGHT="92" HPOS="421" ID="PAG_00000011_IL000001" VPOS="747" WIDTH="423"><Shape><Polygon POINTS="427,753 849,753 849,842 427,842 427,753"/></Shape></Illustration>
<Illustration HEIGHT="504" HPOS="26" ID="PAG_00000011_IL000002" VPOS="870" WIDTH="953"><Shape><Polygon POINTS="31,877 982,877 982,1236 981,1236 981,1374 31,1374 31,877"/></Shape></Illustration>
<TextBlock HEIGHT="137" HPOS="268" ID="PAG_00000011_TB000002" VPOS="1479" WIDTH="145" language="fr"><Shape><Polygon POINTS="269,1482 413,1482 413,1623 269,1623 269,1482"/></Shape>
<TextLine HEIGHT="46" HPOS="358" ID="PAG_00000011_TL000002" VPOS="1480" WIDTH="54"><String CONTENT="#" HEIGHT="46" HPOS="358" ID="PAG_00000011_ST000002" VPOS="1480" WC="0" WIDTH="54"/></TextLine>
<TextLine HEIGHT="27" HPOS="270" ID="PAG_00000011_TL000003" VPOS="1589" WIDTH="87"><String CONTENT="Jiasük..." HEIGHT="27" HPOS="270" ID="PAG_00000011_ST000003" VPOS="1589" WC="0.3355555534" WIDTH="87"/></TextLine>
</TextBlock><GraphicalElement HEIGHT="15" HPOS="14" ID="PAG_00000011_GE000001" VPOS="0" WIDTH="965"/><GraphicalElement HEIGHT="149" HPOS="974" ID="PAG_00000011_GE000002" VPOS="0" WIDTH="5"/>
</PrintSpace>
</Page>
</Layout>
</alto>