<?xml version="1.0" encoding="UTF-8"?><alto xmlns="http://www.loc.gov/standards/alto/ns-v3#" xmlns:xlink="http://www.w3.org/TR/xlink" xmlns:xsi="http://www.w3.org/2001/XMLSchema-instance" SCHEMAVERSION="alto_bnf-v2_0" xsi:schemaLocation="http://www.loc.gov/standards/alto/ns-v3# http://bibnum.bnf.fr/schema/alto_bnf-v2_0.xsd">
<Description><MeasurementUnit>pixel</MeasurementUnit><sourceImageInformation><fileName>00000002.tif</fileName><fileIdentifier>ark:/12148/bpt6k5628146t/f2</fileIdentifier><documentIdentifier documentIdentifierLocation="NUM">5628146</documentIdentifier></sourceImageInformation><OCRProcessing ID="OCR_1"><ocrProcessingStep><processingDateTime>2019-01-17</processingDateTime><processingStepDescription>[001_OCR_BRUT]OCR BRUT 52.96 %</processingStepDescription><processingStepDescription>[002_CHARS]{131}</processingStepDescription><processingStepDescription>[007_STRINGS]{23}</processingStepDescription><processingSoftware><softwareCreator>ABBYY</softwareCreator><softwareName>ABBYY FineReader Engine</softwareName><softwareVersion>11</softwareVersion></processingSoftware></ocrProcessingStep></OCRProcessing></Description>
<Styles>
</Styles>
<Layout>
<Page ACCURACY="52.96" HEIGHT="1616" ID="PAG_00000002" PHYSICAL_IMG_NR="2" QUALITY="OK" WIDTH="889">
<PrintSpace HEIGHT="1616" HPOS="0" ID="PAG_00000002_PrintSpace" VPOS="0" WIDTH="889">
<Illustration HEIGHT="1616" HPOS="0" ID="PAG_00000002_IL000001" VPOS="0" WIDTH="889"><Shape><Polygon POINTS="15,0 70,0 70,1 180,1 180,2 290,2 290,3 400,3 400,4 510,4 510,5 620,5 620,6 730,6 730,7 840,7 840,8 904,8 904,44 903,44 903,154 902,154 902,264 901,264 901,374 900,374 900,484 899,484 899,594 898,594 898,704 897,704 897,814 896,814 896,924 895,924 895,1034 894,1034 894,1144 893,1144 893,1254 892,1254 892,1364 891,1364 891,1474 890,1474 890,1584 889,1584 889,1624 834,1624 834,1623 724,1623 724,1622 614,1622 614,1621 504,1621 504,1620 394,1620 394,1619 284,1619 284,1618 174,1618 174,1617 64,1617 64,1616 0,1616 0,1580 1,1580 1,1470 2,1470 2,1360 3,1360 3,1352 53,1352 53,484 10,484 10,480 11,480 11,370 12,370 12,260 13,260 13,150 14,150 14,40 15,40 15,0"/></Shape></Illustration>
<TextBlock HEIGHT="54" HPOS="138" ID="PAG_00000002_TB000001" VPOS="504" WIDTH="152" language="fr"><Shape><Polygon POINTS="148,507 300,507 300,559 148,559 148,507"/></Shape>
<TextLine HEIGHT="41" HPOS="144" ID="PAG_00000002_TL000001" VPOS="511" WIDTH="140"><String CONTENT="einicS" HEIGHT="41" HPOS="144" ID="PAG_00000002_ST000001" VPOS="511" WC="0.5" WIDTH="140"/></TextLine>
</TextBlock>
<TextBlock HEIGHT="51" HPOS="355" ID="PAG_00000002_TB000002" VPOS="502" WIDTH="386" language="fr"><Shape><Polygon POINTS="365,509 751,509 751,556 365,556 365,509"/></Shape>
<TextLine HEIGHT="44" HPOS="361" ID="PAG_00000002_TL000002" VPOS="503" WIDTH="380"><String CONTENT="eu&amp;iàiuuxiteéo," HEIGHT="44" HPOS="361" ID="PAG_00000002_ST000002" VPOS="503" WC="0.2733333409" WIDTH="380"/></TextLine>
</TextBlock>
<TextBlock HEIGHT="173" HPOS="110" ID="PAG_00000002_TB000003" VPOS="1260" WIDTH="617" language="fr"><Shape><Polygon POINTS="113,1267 729,1267 729,1434 113,1434 113,1267"/></Shape>
<TextLine HEIGHT="38" HPOS="117" ID="PAG_00000002_TL000003" VPOS="1267" WIDTH="598"><String CONTENT="L." HEIGHT="24" HPOS="117" ID="PAG_00000002_ST000003" VPOS="1275" WC="0.6299999952" WIDTH="26"/><SP HPOS="144" ID="PAG_00000002_SP000001" VPOS="1274" WIDTH="16"/><String CONTENT="LEFORÏ" HEIGHT="29" HPOS="161" ID="PAG_00000002_ST000004" VPOS="1271" WC="0.5916666389" WIDTH="127"/><SP HPOS="289" ID="PAG_00000002_SP000002" VPOS="1271" WIDTH="11"/><String CONTENT="," HEIGHT="13" HPOS="301" ID="PAG_00000002_ST000005" VPOS="1290" WC="1" WIDTH="6"/><SP HPOS="308" ID="PAG_00000002_SP000003" VPOS="1271" WIDTH="17"/><String CONTENT="IMPRIMEUR-LIBRAIRE" HEIGHT="30" HPOS="326" ID="PAG_00000002_ST000006" VPOS="1267" WC="0.5261111259" WIDTH="370"/><SP HPOS="697" ID="PAG_00000002_SP000004" VPOS="1268" WIDTH="9"/><String CONTENT="," HEIGHT="14" HPOS="707" ID="PAG_00000002_ST000007" VPOS="1286" WC="0.6299999952" WIDTH="8"/></TextLine>
<TextLine HEIGHT="35" HPOS="264" ID="PAG_00000002_TL000004" VPOS="1308" WIDTH="305"><String CONTENT="KDE" HEIGHT="17" HPOS="264" ID="PAG_00000002_ST000008" VPOS="1319" WC="0.2733333409" WIDTH="46"/><SP HPOS="311" ID="PAG_00000002_SP000005" VPOS="1319" WIDTH="16"/><String CONTENT="ESQDERJ101SE," HEIGHT="25" HPOS="328" ID="PAG_00000002_ST000009" VPOS="1317" WC="0.4569230676" WIDTH="180"/><SP HPOS="509" ID="PAG_00000002_SP000006" VPOS="1309" WIDTH="19"/><String CONTENT="55." HEIGHT="26" HPOS="529" ID="PAG_00000002_ST000010" VPOS="1308" WC="0.8266666532" WIDTH="40"/></TextLine>
<TextLine HEIGHT="36" HPOS="120" ID="PAG_00000002_TL000005" VPOS="1351" WIDTH="601"><String CONTENT="•TRIS," HEIGHT="32" HPOS="120" ID="PAG_00000002_ST000011" VPOS="1355" WC="0.5666666627" WIDTH="113"/><SP HPOS="234" ID="PAG_00000002_SP000007" VPOS="1364" WIDTH="21"/><String CONTENT="chez" HEIGHT="19" HPOS="256" ID="PAG_00000002_ST000012" VPOS="1363" WC="0.4774999917" WIDTH="62"/><SP HPOS="318" ID="PAG_00000002_SP000008" VPOS="1357" WIDTH="33"/><String CONTENT="Ad." HEIGHT="24" HPOS="351" ID="PAG_00000002_ST000013" VPOS="1356" WC="0.4166666567" WIDTH="47"/><SP HPOS="398" ID="PAG_00000002_SP000009" VPOS="1356" WIDTH="30"/><String CONTENT="LECLERE" HEIGHT="25" HPOS="428" ID="PAG_00000002_ST000014" VPOS="1354" WC="0.3600000143" WIDTH="162"/><SP HPOS="590" ID="PAG_00000002_SP000010" VPOS="1353" WIDTH="32"/><String CONTENT="ex" HEIGHT="15" HPOS="623" ID="PAG_00000002_ST000015" VPOS="1362" WC="0.275000006" WIDTH="28"/><SP HPOS="651" ID="PAG_00000002_SP000011" VPOS="1352" WIDTH="18"/><String CONTENT="O" HEIGHT="26" HPOS="669" ID="PAG_00000002_ST000016" VPOS="1352" WC="0.1199999973" WIDTH="52"/></TextLine>
<TextLine HEIGHT="33" HPOS="111" ID="PAG_00000002_TL000006" VPOS="1393" WIDTH="526"><String CONTENT="*" HEIGHT="10" HPOS="111" ID="PAG_00000002_ST000017" VPOS="1398" WC="1" WIDTH="8"/><SP HPOS="120" ID="PAG_00000002_SP000012" VPOS="1398" WIDTH="8"/><String CONTENT="*" HEIGHT="11" HPOS="129" ID="PAG_00000002_ST000018" VPOS="1399" WC="0.9300000072" WIDTH="13"/><SP HPOS="143" ID="PAG_00000002_SP000013" VPOS="1398" WIDTH="52"/><String CONTENT="‘Impi-Libraires," HEIGHT="26" HPOS="196" ID="PAG_00000002_ST000019" VPOS="1399" WC="0.3737500012" WIDTH="175"/><SP HPOS="372" ID="PAG_00000002_SP000014" VPOS="1406" WIDTH="8"/><String CONTENT="quai" HEIGHT="25" HPOS="381" ID="PAG_00000002_ST000020" VPOS="1399" WC="0.474999994" WIDTH="45"/><SP HPOS="427" ID="PAG_00000002_SP000015" VPOS="1399" WIDTH="7"/><String CONTENT="des" HEIGHT="18" HPOS="435" ID="PAG_00000002_ST000021" VPOS="1399" WC="0.5166666508" WIDTH="34"/><SP HPOS="470" ID="PAG_00000002_SP000016" VPOS="1401" WIDTH="10"/><String CONTENT="Augüstins'y" HEIGHT="25" HPOS="481" ID="PAG_00000002_ST000022" VPOS="1397" WC="0.4463636279" WIDTH="119"/><SP HPOS="601" ID="PAG_00000002_SP000017" VPOS="1399" WIDTH="5"/><String CONTENT="35'." HEIGHT="18" HPOS="607" ID="PAG_00000002_ST000023" VPOS="1398" WC="0.5149999857" WIDTH="30"/></TextLine>
</TextBlock><GraphicalElement HEIGHT="10" HPOS="0" ID="PAG_00000002_GE000001" VPOS="0" WIDTH="888"/><GraphicalElement HEIGHT="21" HPOS="0" ID="PAG_00000002_GE000002" VPOS="90" WIDTH="839"/><GraphicalElement HEIGHT="12" HPOS="0" ID="PAG_00000002_GE000003" VPOS="104" WIDTH="626"/><GraphicalElement HEIGHT="9" HPOS="446" ID="PAG_00000002_GE000004" VPOS="159" WIDTH="400"/><GraphicalElement HEIGHT="7" HPOS="55" ID="PAG_00000002_GE000005" VPOS="167" WIDTH="297"/><GraphicalElement HEIGHT="7" HPOS="214" ID="PAG_00000002_GE000006" VPOS="1477" WIDTH="498"/><GraphicalElement HEIGHT="7" HPOS="198" ID="PAG_00000002_GE000007" VPOS="1536" WIDTH="408"/><GraphicalElement HEIGHT="4" HPOS="664" ID="PAG_00000002_GE000008" VPOS="1535" WIDTH="191"/><GraphicalElement HEIGHT="11" HPOS="193" ID="PAG_00000002_GE000009" VPOS="1540" WIDTH="658"/><GraphicalElement HEIGHT="4" HPOS="781" ID="PAG_00000002_GE000010" VPOS="1488" WIDTH="50"/><GraphicalElement HEIGHT="332" HPOS="40" ID="PAG_00000002_GE000011" VPOS="1004" WIDTH="8"/><GraphicalElement HEIGHT="261" HPOS="42" ID="PAG_00000002_GE000012" VPOS="597" WIDTH="6"/><GraphicalElement HEIGHT="475" HPOS="44" ID="PAG_00000002_GE000013" VPOS="122" WIDTH="8"/><GraphicalElement HEIGHT="570" HPOS="785" ID="PAG_00000002_GE000014" VPOS="910" WIDTH="12"/><GraphicalElement HEIGHT="750" HPOS="790" ID="PAG_00000002_GE000015" VPOS="160" WIDTH="7"/><GraphicalElement HEIGHT="195" HPOS="843" ID="PAG_00000002_GE000016" VPOS="1351" WIDTH="5"/><GraphicalElement HEIGHT="741" HPOS="841" ID="PAG_00000002_GE000017" VPOS="811" WIDTH="14"/><GraphicalElement HEIGHT="601" HPOS="850" ID="PAG_00000002_GE000018" VPOS="760" WIDTH="10"/><GraphicalElement HEIGHT="609" HPOS="850" ID="PAG_00000002_GE000019" VPOS="126" WIDTH="6"/><GraphicalElement HEIGHT="622" HPOS="855" ID="PAG_00000002_GE000020" VPOS="138" WIDTH="8"/>
</PrintSpace>
</Page>
</Layout>
</alto>