<?xml version="1.0" encoding="UTF-8"?><alto xmlns="http://www.loc.gov/standards/alto/ns-v3#" xmlns:xlink="http://www.w3.org/TR/xlink" xmlns:xsi="http://www.w3.org/2001/XMLSchema-instance" SCHEMAVERSION="alto_bnf-v2_0" xsi:schemaLocation="http://www.loc.gov/standards/alto/ns-v3# http://bibnum.bnf.fr/schema/alto_bnf-v2_0.xsd">
<Description><MeasurementUnit>pixel</MeasurementUnit><sourceImageInformation><fileName>00000012.tif</fileName><fileIdentifier>ark:/12148/bpt6k5628146t/f12</fileIdentifier><documentIdentifier documentIdentifierLocation="NUM">5628146</documentIdentifier></sourceImageInformation><OCRProcessing ID="OCR_1"><ocrProcessingStep><processingDateTime>2019-01-17</processingDateTime><processingStepDescription>[001_OCR_BRUT]OCR BRUT 69.55 %</processingStepDescription><processingStepDescription>[002_CHARS]{249}</processingStepDescription><processingStepDescription>[007_STRINGS]{52}</processingStepDescription><processingSoftware><softwareCreator>ABBYY</softwareCreator><softwareName>ABBYY FineReader Engine</softwareName><softwareVersion>11</softwareVersion></processingSoftware></ocrProcessingStep></OCRProcessing></Description>
<Styles>
</Styles>
<Layout>
<Page ACCURACY="69.55" HEIGHT="1644" ID="PAG_00000012" PHYSICAL_IMG_NR="12" QUALITY="OK" WIDTH="1024">
<TopMargin HEIGHT="428" HPOS="0" ID="PAG_00000012_TopMargin" VPOS="0" WIDTH="1024">
<ComposedBlock HEIGHT="243" HPOS="202" ID="PAG_00000012_CB000001" TYPE="container" VPOS="185" WIDTH="683"><Shape><Polygon POINTS="205,191 886,191 886,1363 205,1363 205,191"/></Shape></ComposedBlock><GraphicalElement HEIGHT="28" HPOS="383" ID="PAG_00000012_GE000001" VPOS="0" WIDTH="640"/><GraphicalElement HEIGHT="15" HPOS="46" ID="PAG_00000012_GE000002" VPOS="0" WIDTH="337"/><GraphicalElement HEIGHT="7" HPOS="396" ID="PAG_00000012_GE000003" VPOS="324" WIDTH="449"/><GraphicalElement HEIGHT="5" HPOS="231" ID="PAG_00000012_GE000004" VPOS="328" WIDTH="165"/><GraphicalElement HEIGHT="5" HPOS="693" ID="PAG_00000012_GE000005" VPOS="332" WIDTH="163"/><GraphicalElement HEIGHT="8" HPOS="213" ID="PAG_00000012_GE000006" VPOS="333" WIDTH="480"/><GraphicalElement HEIGHT="428" HPOS="0" ID="PAG_00000012_GE000007" VPOS="0" WIDTH="46"/><GraphicalElement HEIGHT="261" HPOS="1013" ID="PAG_00000012_GE000008" VPOS="167" WIDTH="11"/><GraphicalElement HEIGHT="101" HPOS="1021" ID="PAG_00000012_GE000009" VPOS="66" WIDTH="3"/>
</TopMargin>
<LeftMargin HEIGHT="934" HPOS="0" ID="PAG_00000012_LeftMargin" VPOS="428" WIDTH="195">
</LeftMargin>
<RightMargin HEIGHT="934" HPOS="883" ID="PAG_00000012_RightMargin" VPOS="428" WIDTH="141">
</RightMargin>
<BottomMargin HEIGHT="282" HPOS="0" ID="PAG_00000012_BottomMargin" VPOS="1362" WIDTH="1024">
</BottomMargin>
<PrintSpace HEIGHT="934" HPOS="195" ID="PAG_00000012_PrintSpace" VPOS="428" WIDTH="688">
<ComposedBlock HEIGHT="934" HPOS="195" ID="PAG_00000012_CB000002" TYPE="container" VPOS="428" WIDTH="688"><Shape><Polygon POINTS="205,191 886,191 886,1363 205,1363 205,191"/></Shape>
<TextBlock HEIGHT="273" HPOS="282" ID="PAG_00000012_TB000001" VPOS="428" WIDTH="523" language="fr"><Shape><Polygon POINTS="287,434 808,434 808,703 287,703 287,434"/></Shape>
<TextLine HEIGHT="40" HPOS="391" ID="PAG_00000012_TL000001" VPOS="435" WIDTH="286"><String CONTENT="LE" HEIGHT="35" HPOS="391" ID="PAG_00000012_ST000001" VPOS="439" WC="1" WIDTH="62"/><SP HPOS="454" ID="PAG_00000012_SP000001" VPOS="438" WIDTH="23"/><String CONTENT="MODELE" HEIGHT="38" HPOS="478" ID="PAG_00000012_ST000002" VPOS="436" WC="0.7599999905" WIDTH="199"/></TextLine>
<TextLine HEIGHT="20" HPOS="510" ID="PAG_00000012_TL000002" VPOS="560" WIDTH="60"><String CONTENT="DES" HEIGHT="20" HPOS="510" ID="PAG_00000012_ST000003" VPOS="560" WC="0.3966666758" WIDTH="60"/></TextLine>
<TextLine HEIGHT="32" HPOS="288" ID="PAG_00000012_TL000003" VPOS="654" WIDTH="499"><String CONTENT="JEUNES" HEIGHT="26" HPOS="288" ID="PAG_00000012_ST000004" VPOS="657" WC="0.400000006" WIDTH="149"/><SP HPOS="438" ID="PAG_00000012_SP000002" VPOS="658" WIDTH="18"/><String CONTENT="PENSIONNAIRES" HEIGHT="26" HPOS="457" ID="PAG_00000012_ST000005" VPOS="656" WC="0.48307693" WIDTH="330"/></TextLine>
</TextBlock>
<Illustration HEIGHT="87" HPOS="448" ID="PAG_00000012_IL000001" VPOS="736" WIDTH="181"><Shape><Polygon POINTS="454,740 634,740 634,826 454,826 454,740"/></Shape></Illustration>
<TextBlock HEIGHT="466" HPOS="195" ID="PAG_00000012_TB000002" VPOS="896" WIDTH="684" language="fr"><Shape><Polygon POINTS="205,902 886,902 886,1363 205,1363 205,902"/></Shape>
<TextLine HEIGHT="45" HPOS="249" ID="PAG_00000012_TL000004" VPOS="902" WIDTH="622"><String CONTENT="Marie-Sophie" HEIGHT="35" HPOS="249" ID="PAG_00000012_ST000006" VPOS="907" WC="0.6333333254" WIDTH="252"/><SP HPOS="502" ID="PAG_00000012_SP000003" VPOS="918" WIDTH="7"/><String CONTENT="-Véronique-Augus" HEIGHT="43" HPOS="510" ID="PAG_00000012_ST000007" SUBS_CONTENT="-Véronique-Augustine" SUBS_TYPE="HypPart1" VPOS="904" WC="0.4806250036" WIDTH="341"/><HYP CONTENT="­"/></TextLine>
<TextLine HEIGHT="46" HPOS="205" ID="PAG_00000012_TL000005" VPOS="961" WIDTH="664"><String CONTENT="tine" HEIGHT="20" HPOS="205" ID="PAG_00000012_ST000008" SUBS_CONTENT="-Véronique-Augustine" SUBS_TYPE="HypPart2" VPOS="975" WC="0.4099999964" WIDTH="72"/><SP HPOS="278" ID="PAG_00000012_SP000004" VPOS="965" WIDTH="37"/><String CONTENT="P.**" HEIGHT="31" HPOS="316" ID="PAG_00000012_ST000009" VPOS="964" WC="0.7900000215" WIDTH="73"/><SP HPOS="390" ID="PAG_00000012_SP000005" VPOS="965" WIDTH="35"/><String CONTENT="naquit" HEIGHT="39" HPOS="426" ID="PAG_00000012_ST000010" VPOS="965" WC="0.698333323" WIDTH="116"/><SP HPOS="543" ID="PAG_00000012_SP000006" VPOS="964" WIDTH="28"/><String CONTENT="à" HEIGHT="31" HPOS="572" ID="PAG_00000012_ST000011" VPOS="964" WC="0.25" WIDTH="18"/><SP HPOS="591" ID="PAG_00000012_SP000007" VPOS="965" WIDTH="32"/><String CONTENT="Nesle," HEIGHT="38" HPOS="624" ID="PAG_00000012_ST000012" VPOS="965" WC="0.8433333039" WIDTH="111"/><SP HPOS="736" ID="PAG_00000012_SP000008" VPOS="975" WIDTH="31"/><String CONTENT="petite" HEIGHT="42" HPOS="768" ID="PAG_00000012_ST000013" VPOS="965" WC="0.8516666889" WIDTH="101"/></TextLine>
<TextLine HEIGHT="48" HPOS="203" ID="PAG_00000012_TL000006" VPOS="1017" WIDTH="664"><String CONTENT="ville" HEIGHT="31" HPOS="203" ID="PAG_00000012_ST000014" VPOS="1022" WC="0.7099999785" WIDTH="76"/><SP HPOS="280" ID="PAG_00000012_SP000009" VPOS="1020" WIDTH="21"/><String CONTENT="du" HEIGHT="31" HPOS="302" ID="PAG_00000012_ST000015" VPOS="1020" WC="0.4799999893" WIDTH="46"/><SP HPOS="349" ID="PAG_00000012_SP000010" VPOS="1020" WIDTH="20"/><String CONTENT="département" HEIGHT="44" HPOS="370" ID="PAG_00000012_ST000016" VPOS="1019" WC="0.7300000191" WIDTH="224"/><SP HPOS="595" ID="PAG_00000012_SP000011" VPOS="1021" WIDTH="14"/><String CONTENT="de" HEIGHT="30" HPOS="610" ID="PAG_00000012_ST000017" VPOS="1021" WC="0.9150000215" WIDTH="39"/><SP HPOS="650" ID="PAG_00000012_SP000012" VPOS="1022" WIDTH="12"/><String CONTENT="la" HEIGHT="29" HPOS="663" ID="PAG_00000012_ST000018" VPOS="1022" WC="0.9399999976" WIDTH="33"/><SP HPOS="697" ID="PAG_00000012_SP000013" VPOS="1020" WIDTH="17"/><String CONTENT="Somme" HEIGHT="32" HPOS="715" ID="PAG_00000012_ST000019" VPOS="1021" WC="0.6639999747" WIDTH="129"/><SP HPOS="845" ID="PAG_00000012_SP000014" VPOS="1032" WIDTH="11"/><String CONTENT="," HEIGHT="18" HPOS="857" ID="PAG_00000012_ST000020" VPOS="1044" WC="0.25" WIDTH="10"/></TextLine>
<TextLine HEIGHT="48" HPOS="204" ID="PAG_00000012_TL000007" VPOS="1074" WIDTH="658"><String CONTENT="le" HEIGHT="31" HPOS="204" ID="PAG_00000012_ST000021" VPOS="1079" WC="0.9649999738" WIDTH="31"/><SP HPOS="236" ID="PAG_00000012_SP000015" VPOS="1077" WIDTH="18"/><String CONTENT="13" HEIGHT="32" HPOS="255" ID="PAG_00000012_ST000022" VPOS="1076" WC="0.2349999994" WIDTH="45"/><SP HPOS="301" ID="PAG_00000012_SP000016" VPOS="1076" WIDTH="25"/><String CONTENT="Avril" HEIGHT="32" HPOS="327" ID="PAG_00000012_ST000023" VPOS="1077" WC="0.7059999704" WIDTH="87"/><SP HPOS="415" ID="PAG_00000012_SP000017" VPOS="1076" WIDTH="22"/><String CONTENT="1819," HEIGHT="42" HPOS="438" ID="PAG_00000012_ST000024" VPOS="1075" WC="0.3440000117" WIDTH="113"/><SP HPOS="552" ID="PAG_00000012_SP000018" VPOS="1078" WIDTH="24"/><String CONTENT="de" HEIGHT="31" HPOS="577" ID="PAG_00000012_ST000025" VPOS="1079" WC="1" WIDTH="39"/><SP HPOS="617" ID="PAG_00000012_SP000019" VPOS="1089" WIDTH="20"/><String CONTENT="parents" HEIGHT="38" HPOS="638" ID="PAG_00000012_ST000026" VPOS="1083" WC="0.8857142925" WIDTH="132"/><SP HPOS="771" ID="PAG_00000012_SP000020" VPOS="1089" WIDTH="16"/><String CONTENT="ver" HEIGHT="23" HPOS="788" ID="PAG_00000012_ST000027" SUBS_CONTENT="vertueux" SUBS_TYPE="HypPart1" VPOS="1089" WC="0.9066666961" WIDTH="56"/><HYP CONTENT="­"/></TextLine>
<TextLine HEIGHT="47" HPOS="204" ID="PAG_00000012_TL000008" VPOS="1132" WIDTH="668"><String CONTENT="tueux" HEIGHT="25" HPOS="204" ID="PAG_00000012_ST000028" SUBS_CONTENT="vertueux" SUBS_TYPE="HypPart2" VPOS="1141" WC="0.6499999762" WIDTH="104"/><SP HPOS="308" ID="PAG_00000012_SP000021" VPOS="1145" WIDTH="22"/><String CONTENT="et" HEIGHT="26" HPOS="330" ID="PAG_00000012_ST000029" VPOS="1140" WC="1" WIDTH="33"/><SP HPOS="363" ID="PAG_00000012_SP000022" VPOS="1140" WIDTH="22"/><String CONTENT="chrétiens." HEIGHT="34" HPOS="385" ID="PAG_00000012_ST000030" VPOS="1133" WC="0.7200000286" WIDTH="175"/><SP HPOS="560" ID="PAG_00000012_SP000023" VPOS="1135" WIDTH="27"/><String CONTENT="Son" HEIGHT="31" HPOS="587" ID="PAG_00000012_ST000031" VPOS="1136" WC="0.7433333397" WIDTH="63"/><SP HPOS="650" ID="PAG_00000012_SP000024" VPOS="1146" WIDTH="28"/><String CONTENT="père" HEIGHT="43" HPOS="678" ID="PAG_00000012_ST000032" VPOS="1135" WC="0.8274999857" WIDTH="78"/><SP HPOS="756" ID="PAG_00000012_SP000025" VPOS="1136" WIDTH="35"/><String CONTENT="était" HEIGHT="33" HPOS="791" ID="PAG_00000012_ST000033" VPOS="1136" WC="0.7459999919" WIDTH="81"/></TextLine>
<TextLine HEIGHT="47" HPOS="204" ID="PAG_00000012_TL000009" VPOS="1190" WIDTH="667"><String CONTENT="un" HEIGHT="20" HPOS="204" ID="PAG_00000012_ST000034" VPOS="1204" WC="0.2949999869" WIDTH="47"/><SP HPOS="252" ID="PAG_00000012_SP000026" VPOS="1193" WIDTH="23"/><String CONTENT="homme" HEIGHT="32" HPOS="276" ID="PAG_00000012_ST000035" VPOS="1193" WC="0.6980000138" WIDTH="134"/><SP HPOS="411" ID="PAG_00000012_SP000027" VPOS="1203" WIDTH="22"/><String CONTENT="recommandable" HEIGHT="36" HPOS="434" ID="PAG_00000012_ST000036" VPOS="1191" WC="0.8438461423" WIDTH="283"/><SP HPOS="718" ID="PAG_00000012_SP000028" VPOS="1205" WIDTH="22"/><String CONTENT="par" HEIGHT="31" HPOS="741" ID="PAG_00000012_ST000037" VPOS="1205" WC="0.7766666412" WIDTH="59"/><SP HPOS="801" ID="PAG_00000012_SP000029" VPOS="1205" WIDTH="21"/><String CONTENT="ses" HEIGHT="22" HPOS="823" ID="PAG_00000012_ST000038" VPOS="1205" WC="1" WIDTH="48"/></TextLine>
<TextLine HEIGHT="50" HPOS="203" ID="PAG_00000012_TL000010" VPOS="1247" WIDTH="668"><String CONTENT="talents" HEIGHT="32" HPOS="203" ID="PAG_00000012_ST000039" VPOS="1251" WC="0.7599999905" WIDTH="118"/><SP HPOS="321" ID="PAG_00000012_SP000030" VPOS="1262" WIDTH="19"/><String CONTENT="et" HEIGHT="26" HPOS="340" ID="PAG_00000012_ST000040" VPOS="1257" WC="1" WIDTH="33"/><SP HPOS="374" ID="PAG_00000012_SP000031" VPOS="1257" WIDTH="19"/><String CONTENT="sa" HEIGHT="21" HPOS="394" ID="PAG_00000012_ST000041" VPOS="1261" WC="0.8999999762" WIDTH="35"/><SP HPOS="429" ID="PAG_00000012_SP000032" VPOS="1261" WIDTH="30"/><String CONTENT="piété." HEIGHT="45" HPOS="459" ID="PAG_00000012_ST000042" VPOS="1249" WC="0.6349999905" WIDTH="101"/><SP HPOS="560" ID="PAG_00000012_SP000033" VPOS="1250" WIDTH="21"/><String CONTENT="Augustine" HEIGHT="44" HPOS="581" ID="PAG_00000012_ST000043" VPOS="1251" WC="0.7266666889" WIDTH="178"/><SP HPOS="759" ID="PAG_00000012_SP000034" VPOS="1263" WIDTH="21"/><String CONTENT="n’eut" HEIGHT="34" HPOS="780" ID="PAG_00000012_ST000044" VPOS="1251" WC="0.675999999" WIDTH="91"/></TextLine>
<TextLine HEIGHT="50" HPOS="203" ID="PAG_00000012_TL000011" VPOS="1306" WIDTH="664"><String CONTENT="pas" HEIGHT="33" HPOS="203" ID="PAG_00000012_ST000045" VPOS="1318" WC="0.6200000048" WIDTH="58"/><SP HPOS="262" ID="PAG_00000012_SP000035" VPOS="1309" WIDTH="32"/><String CONTENT="le" HEIGHT="32" HPOS="295" ID="PAG_00000012_ST000046" VPOS="1309" WC="0.7400000095" WIDTH="31"/><SP HPOS="327" ID="PAG_00000012_SP000036" VPOS="1309" WIDTH="25"/><String CONTENT="bonheur" HEIGHT="34" HPOS="353" ID="PAG_00000012_ST000047" VPOS="1309" WC="0.6614285707" WIDTH="151"/><SP HPOS="505" ID="PAG_00000012_SP000037" VPOS="1309" WIDTH="28"/><String CONTENT="de" HEIGHT="32" HPOS="534" ID="PAG_00000012_ST000048" VPOS="1309" WC="0.6600000262" WIDTH="41"/><SP HPOS="576" ID="PAG_00000012_SP000038" VPOS="1310" WIDTH="24"/><String CONTENT="le" HEIGHT="33" HPOS="601" ID="PAG_00000012_ST000049" VPOS="1310" WC="0.5550000072" WIDTH="32"/><SP HPOS="634" ID="PAG_00000012_SP000039" VPOS="1320" WIDTH="29"/><String CONTENT="voir" HEIGHT="34" HPOS="664" ID="PAG_00000012_ST000050" VPOS="1310" WC="0.5924999714" WIDTH="70"/><SP HPOS="735" ID="PAG_00000012_SP000040" VPOS="1321" WIDTH="29"/><String CONTENT="et" HEIGHT="29" HPOS="765" ID="PAG_00000012_ST000051" VPOS="1314" WC="0.8600000143" WIDTH="32"/><SP HPOS="798" ID="PAG_00000012_SP000041" VPOS="1310" WIDTH="28"/><String CONTENT="de" HEIGHT="34" HPOS="827" ID="PAG_00000012_ST000052" VPOS="1310" WC="0.75" WIDTH="40"/></TextLine>
</TextBlock></ComposedBlock>
</PrintSpace>
</Page>
</Layout>
</alto>