<?xml version="1.0" encoding="UTF-8"?><alto xmlns="http://www.loc.gov/standards/alto/ns-v3#" xmlns:xlink="http://www.w3.org/TR/xlink" xmlns:xsi="http://www.w3.org/2001/XMLSchema-instance" SCHEMAVERSION="alto_bnf-v2_0" xsi:schemaLocation="http://www.loc.gov/standards/alto/ns-v3# http://bibnum.bnf.fr/schema/alto_bnf-v2_0.xsd">
<Description><MeasurementUnit>pixel</MeasurementUnit><sourceImageInformation><fileName>00000009.tif</fileName><fileIdentifier>ark:/12148/bpt6k5628146t/f9</fileIdentifier><documentIdentifier documentIdentifierLocation="NUM">5628146</documentIdentifier></sourceImageInformation><OCRProcessing ID="OCR_1"><ocrProcessingStep><processingDateTime>2019-01-17</processingDateTime><processingStepDescription>[001_OCR_BRUT]OCR BRUT 77.23 %</processingStepDescription><processingStepDescription>[002_CHARS]{392}</processingStepDescription><processingStepDescription>[007_STRINGS]{89}</processingStepDescription><processingSoftware><softwareCreator>ABBYY</softwareCreator><softwareName>ABBYY FineReader Engine</softwareName><softwareVersion>11</softwareVersion></processingSoftware></ocrProcessingStep></OCRProcessing></Description>
<Styles>
</Styles>
<Layout>
<Page ACCURACY="77.23" HEIGHT="1629" ID="PAG_00000009" PHYSICAL_IMG_NR="9" QUALITY="OK" WIDTH="979">
<TopMargin HEIGHT="156" HPOS="0" ID="PAG_00000009_TopMargin" VPOS="0" WIDTH="979">
</TopMargin>
<LeftMargin HEIGHT="1110" HPOS="0" ID="PAG_00000009_LeftMargin" VPOS="156" WIDTH="158">
</LeftMargin>
<RightMargin HEIGHT="1110" HPOS="843" ID="PAG_00000009_RightMargin" VPOS="156" WIDTH="136">
</RightMargin>
<BottomMargin HEIGHT="363" HPOS="0" ID="PAG_00000009_BottomMargin" VPOS="1266" WIDTH="979">
</BottomMargin>
<PrintSpace HEIGHT="1110" HPOS="158" ID="PAG_00000009_PrintSpace" VPOS="156" WIDTH="685">
<TextBlock HEIGHT="1110" HPOS="158" ID="PAG_00000009_TB000001" VPOS="156" WIDTH="685" language="fr">
<TextLine HEIGHT="53" HPOS="168" ID="PAG_00000009_TL000001" VPOS="162" WIDTH="669"><String CONTENT="pices." HEIGHT="50" HPOS="168" ID="PAG_00000009_ST000001" VPOS="165" WC="0.6899999976" WIDTH="109"/><SP HPOS="278" ID="PAG_00000009_SP000001" VPOS="165" WIDTH="25"/><String CONTENT="En" HEIGHT="35" HPOS="304" ID="PAG_00000009_ST000002" VPOS="165" WC="0.4600000083" WIDTH="57"/><SP HPOS="362" ID="PAG_00000009_SP000002" VPOS="176" WIDTH="23"/><String CONTENT="retraçant" HEIGHT="41" HPOS="386" ID="PAG_00000009_ST000003" VPOS="169" WC="0.5799999833" WIDTH="174"/><SP HPOS="561" ID="PAG_00000009_SP000003" VPOS="163" WIDTH="20"/><String CONTENT="ici" HEIGHT="37" HPOS="582" ID="PAG_00000009_ST000004" VPOS="163" WC="0.7099999785" WIDTH="48"/><SP HPOS="631" ID="PAG_00000009_SP000004" VPOS="163" WIDTH="22"/><String CONTENT="la" HEIGHT="36" HPOS="654" ID="PAG_00000009_ST000005" VPOS="163" WC="0.4950000048" WIDTH="36"/><SP HPOS="691" ID="PAG_00000009_SP000005" VPOS="175" WIDTH="21"/><String CONTENT="vie" HEIGHT="39" HPOS="713" ID="PAG_00000009_ST000006" VPOS="162" WC="0.5633333325" WIDTH="58"/><SP HPOS="772" ID="PAG_00000009_SP000006" VPOS="162" WIDTH="19"/><String CONTENT="de" HEIGHT="38" HPOS="792" ID="PAG_00000009_ST000007" VPOS="162" WC="0.7950000167" WIDTH="45"/></TextLine>
<TextLine HEIGHT="49" HPOS="166" ID="PAG_00000009_TL000002" VPOS="240" WIDTH="671"><String CONTENT="votre" HEIGHT="30" HPOS="166" ID="PAG_00000009_ST000008" VPOS="247" WC="0.8140000105" WIDTH="100"/><SP HPOS="267" ID="PAG_00000009_SP000007" VPOS="241" WIDTH="31"/><String CONTENT="fidèle" HEIGHT="36" HPOS="299" ID="PAG_00000009_ST000009" VPOS="240" WC="0.7416666746" WIDTH="106"/><SP HPOS="406" ID="PAG_00000009_SP000008" VPOS="254" WIDTH="36"/><String CONTENT="petite" HEIGHT="48" HPOS="443" ID="PAG_00000009_ST000010" VPOS="241" WC="0.7266666889" WIDTH="107"/><SP HPOS="551" ID="PAG_00000009_SP000009" VPOS="253" WIDTH="34"/><String CONTENT="servante," HEIGHT="38" HPOS="586" ID="PAG_00000009_ST000011" VPOS="247" WC="0.6455555558" WIDTH="185"/><SP HPOS="772" ID="PAG_00000009_SP000010" VPOS="241" WIDTH="28"/><String CONTENT="je" HEIGHT="48" HPOS="801" ID="PAG_00000009_ST000012" VPOS="241" WC="0.8249999881" WIDTH="36"/></TextLine>
<TextLine HEIGHT="51" HPOS="167" ID="PAG_00000009_TL000003" VPOS="313" WIDTH="670"><String CONTENT="n’ai" HEIGHT="36" HPOS="167" ID="PAG_00000009_ST000013" VPOS="314" WC="0.7850000262" WIDTH="71"/><SP HPOS="239" ID="PAG_00000009_SP000011" VPOS="314" WIDTH="21"/><String CONTENT="d’autre" HEIGHT="36" HPOS="261" ID="PAG_00000009_ST000014" VPOS="314" WC="0.6299999952" WIDTH="134"/><SP HPOS="396" ID="PAG_00000009_SP000012" VPOS="314" WIDTH="21"/><String CONTENT="dessein" HEIGHT="37" HPOS="418" ID="PAG_00000009_ST000015" VPOS="314" WC="0.9157142639" WIDTH="138"/><SP HPOS="557" ID="PAG_00000009_SP000013" VPOS="328" WIDTH="22"/><String CONTENT="que" HEIGHT="36" HPOS="580" ID="PAG_00000009_ST000016" VPOS="328" WC="0.6433333158" WIDTH="70"/><SP HPOS="651" ID="PAG_00000009_SP000014" VPOS="327" WIDTH="24"/><String CONTENT="celui" HEIGHT="36" HPOS="676" ID="PAG_00000009_ST000017" VPOS="314" WC="0.7919999957" WIDTH="92"/><SP HPOS="769" ID="PAG_00000009_SP000015" VPOS="313" WIDTH="23"/><String CONTENT="de" HEIGHT="36" HPOS="793" ID="PAG_00000009_ST000018" VPOS="313" WC="0.9250000119" WIDTH="44"/></TextLine>
<TextLine HEIGHT="51" HPOS="168" ID="PAG_00000009_TL000004" VPOS="389" WIDTH="669"><String CONTENT="procurer" HEIGHT="37" HPOS="168" ID="PAG_00000009_ST000019" VPOS="403" WC="0.6662499905" WIDTH="172"/><SP HPOS="341" ID="PAG_00000009_SP000016" VPOS="390" WIDTH="18"/><String CONTENT="la" HEIGHT="35" HPOS="360" ID="PAG_00000009_ST000020" VPOS="390" WC="0.875" WIDTH="34"/><SP HPOS="395" ID="PAG_00000009_SP000017" VPOS="403" WIDTH="19"/><String CONTENT="gloire" HEIGHT="49" HPOS="415" ID="PAG_00000009_ST000021" VPOS="389" WC="0.7216666937" WIDTH="111"/><SP HPOS="527" ID="PAG_00000009_SP000018" VPOS="389" WIDTH="23"/><String CONTENT="de" HEIGHT="36" HPOS="551" ID="PAG_00000009_ST000022" VPOS="389" WC="1" WIDTH="44"/><SP HPOS="596" ID="PAG_00000009_SP000019" VPOS="403" WIDTH="19"/><String CONTENT="votre" HEIGHT="31" HPOS="616" ID="PAG_00000009_ST000023" VPOS="396" WC="0.9240000248" WIDTH="99"/><SP HPOS="716" ID="PAG_00000009_SP000020" VPOS="389" WIDTH="21"/><String CONTENT="divin" HEIGHT="37" HPOS="738" ID="PAG_00000009_ST000024" VPOS="389" WC="0.8600000143" WIDTH="99"/></TextLine>
<TextLine HEIGHT="50" HPOS="168" ID="PAG_00000009_TL000005" VPOS="463" WIDTH="664"><String CONTENT="Fils." HEIGHT="36" HPOS="168" ID="PAG_00000009_ST000025" VPOS="464" WC="0.7120000124" WIDTH="84"/><SP HPOS="253" ID="PAG_00000009_SP000021" VPOS="466" WIDTH="27"/><String CONTENT="Tout" HEIGHT="34" HPOS="281" ID="PAG_00000009_ST000026" VPOS="466" WC="0.7174999714" WIDTH="93"/><SP HPOS="375" ID="PAG_00000009_SP000022" VPOS="465" WIDTH="24"/><String CONTENT="indigne" HEIGHT="50" HPOS="400" ID="PAG_00000009_ST000027" VPOS="463" WC="0.7685714364" WIDTH="148"/><SP HPOS="549" ID="PAG_00000009_SP000023" VPOS="477" WIDTH="25"/><String CONTENT="que" HEIGHT="35" HPOS="575" ID="PAG_00000009_ST000028" VPOS="478" WC="0.6133333445" WIDTH="70"/><SP HPOS="646" ID="PAG_00000009_SP000024" VPOS="466" WIDTH="22"/><String CONTENT="je" HEIGHT="47" HPOS="669" ID="PAG_00000009_ST000029" VPOS="466" WC="0.7549999952" WIDTH="37"/><SP HPOS="707" ID="PAG_00000009_SP000025" VPOS="477" WIDTH="27"/><String CONTENT="suis," HEIGHT="44" HPOS="735" ID="PAG_00000009_ST000030" VPOS="465" WC="0.8379999995" WIDTH="97"/></TextLine>
<TextLine HEIGHT="49" HPOS="164" ID="PAG_00000009_TL000006" VPOS="538" WIDTH="672"><String CONTENT="j’ose" HEIGHT="49" HPOS="164" ID="PAG_00000009_ST000031" VPOS="538" WC="0.9580000043" WIDTH="89"/><SP HPOS="254" ID="PAG_00000009_SP000026" VPOS="552" WIDTH="17"/><String CONTENT="me" HEIGHT="22" HPOS="272" ID="PAG_00000009_ST000032" VPOS="552" WC="0.9300000072" WIDTH="57"/><SP HPOS="330" ID="PAG_00000009_SP000027" VPOS="551" WIDTH="22"/><String CONTENT="réfugier" HEIGHT="49" HPOS="353" ID="PAG_00000009_ST000033" VPOS="538" WC="0.7024999857" WIDTH="154"/><SP HPOS="508" ID="PAG_00000009_SP000028" VPOS="538" WIDTH="24"/><String CONTENT="dans" HEIGHT="36" HPOS="533" ID="PAG_00000009_ST000034" VPOS="538" WC="0.8999999762" WIDTH="88"/><SP HPOS="622" ID="PAG_00000009_SP000029" VPOS="550" WIDTH="20"/><String CONTENT="son" HEIGHT="23" HPOS="643" ID="PAG_00000009_ST000035" VPOS="551" WC="0.8866666555" WIDTH="67"/><SP HPOS="711" ID="PAG_00000009_SP000030" VPOS="552" WIDTH="24"/><String CONTENT="cœur" HEIGHT="22" HPOS="736" ID="PAG_00000009_ST000036" VPOS="552" WC="0.8600000143" WIDTH="100"/></TextLine>
<TextLine HEIGHT="49" HPOS="172" ID="PAG_00000009_TL000007" VPOS="613" WIDTH="664"><String CONTENT="adorable" HEIGHT="36" HPOS="172" ID="PAG_00000009_ST000037" VPOS="613" WC="0.8062499762" WIDTH="168"/><SP HPOS="341" ID="PAG_00000009_SP000031" VPOS="627" WIDTH="8"/><String CONTENT=";" HEIGHT="33" HPOS="350" ID="PAG_00000009_ST000038" VPOS="627" WC="0.2700000107" WIDTH="8"/><SP HPOS="359" ID="PAG_00000009_SP000032" VPOS="627" WIDTH="19"/><String CONTENT="et," HEIGHT="39" HPOS="379" ID="PAG_00000009_ST000039" VPOS="620" WC="0.8000000119" WIDTH="55"/><SP HPOS="435" ID="PAG_00000009_SP000033" VPOS="627" WIDTH="26"/><String CONTENT="sûre" HEIGHT="34" HPOS="462" ID="PAG_00000009_ST000040" VPOS="617" WC="0.7300000191" WIDTH="82"/><SP HPOS="545" ID="PAG_00000009_SP000034" VPOS="613" WIDTH="20"/><String CONTENT="de" HEIGHT="36" HPOS="566" ID="PAG_00000009_ST000041" VPOS="613" WC="1" WIDTH="44"/><SP HPOS="611" ID="PAG_00000009_SP000035" VPOS="627" WIDTH="21"/><String CONTENT="sa" HEIGHT="22" HPOS="633" ID="PAG_00000009_ST000042" VPOS="627" WC="1" WIDTH="38"/><SP HPOS="672" ID="PAG_00000009_SP000036" VPOS="627" WIDTH="25"/><String CONTENT="protec" HEIGHT="42" HPOS="698" ID="PAG_00000009_ST000043" SUBS_CONTENT="protection" SUBS_TYPE="HypPart1" VPOS="620" WC="0.9516666532" WIDTH="121"/><HYP CONTENT="­"/></TextLine>
<TextLine HEIGHT="49" HPOS="168" ID="PAG_00000009_TL000008" VPOS="689" WIDTH="668"><String CONTENT="tion" HEIGHT="34" HPOS="168" ID="PAG_00000009_ST000044" SUBS_CONTENT="protection" SUBS_TYPE="HypPart2" VPOS="690" WC="0.9275000095" WIDTH="75"/><SP HPOS="244" ID="PAG_00000009_SP000037" VPOS="703" WIDTH="14"/><String CONTENT="," HEIGHT="19" HPOS="259" ID="PAG_00000009_ST000045" VPOS="716" WC="1" WIDTH="8"/><SP HPOS="268" ID="PAG_00000009_SP000038" VPOS="691" WIDTH="35"/><String CONTENT="je" HEIGHT="46" HPOS="304" ID="PAG_00000009_ST000046" VPOS="691" WC="0.9250000119" WIDTH="37"/><SP HPOS="342" ID="PAG_00000009_SP000039" VPOS="702" WIDTH="37"/><String CONTENT="compte" HEIGHT="42" HPOS="380" ID="PAG_00000009_ST000047" VPOS="695" WC="0.7233333588" WIDTH="142"/><SP HPOS="523" ID="PAG_00000009_SP000040" VPOS="702" WIDTH="37"/><String CONTENT="que" HEIGHT="36" HPOS="561" ID="PAG_00000009_ST000048" VPOS="702" WC="0.8500000238" WIDTH="70"/><SP HPOS="632" ID="PAG_00000009_SP000041" VPOS="701" WIDTH="35"/><String CONTENT="ce" HEIGHT="23" HPOS="668" ID="PAG_00000009_ST000049" VPOS="701" WC="1" WIDTH="40"/><SP HPOS="709" ID="PAG_00000009_SP000042" VPOS="702" WIDTH="37"/><String CONTENT="récit" HEIGHT="35" HPOS="747" ID="PAG_00000009_ST000050" VPOS="689" WC="0.726000011" WIDTH="89"/></TextLine>
<TextLine HEIGHT="49" HPOS="171" ID="PAG_00000009_TL000009" VPOS="761" WIDTH="664"><String CONTENT="de" HEIGHT="36" HPOS="171" ID="PAG_00000009_ST000051" VPOS="762" WC="1" WIDTH="43"/><SP HPOS="215" ID="PAG_00000009_SP000043" VPOS="762" WIDTH="32"/><String CONTENT="la" HEIGHT="35" HPOS="248" ID="PAG_00000009_ST000052" VPOS="762" WC="0.3350000083" WIDTH="35"/><SP HPOS="284" ID="PAG_00000009_SP000044" VPOS="776" WIDTH="30"/><String CONTENT="vie" HEIGHT="35" HPOS="315" ID="PAG_00000009_ST000053" VPOS="763" WC="1" WIDTH="56"/><SP HPOS="372" ID="PAG_00000009_SP000045" VPOS="761" WIDTH="34"/><String CONTENT="d’Augustine" HEIGHT="49" HPOS="407" ID="PAG_00000009_ST000054" VPOS="761" WC="0.8390908837" WIDTH="232"/><SP HPOS="640" ID="PAG_00000009_SP000046" VPOS="775" WIDTH="30"/><String CONTENT="sera" HEIGHT="23" HPOS="671" ID="PAG_00000009_ST000055" VPOS="775" WC="1" WIDTH="78"/><SP HPOS="750" ID="PAG_00000009_SP000047" VPOS="775" WIDTH="33"/><String CONTENT="un" HEIGHT="22" HPOS="784" ID="PAG_00000009_ST000056" VPOS="775" WC="0.6100000143" WIDTH="51"/></TextLine>
<TextLine HEIGHT="49" HPOS="170" ID="PAG_00000009_TL000010" VPOS="835" WIDTH="667"><String CONTENT="motif" HEIGHT="35" HPOS="170" ID="PAG_00000009_ST000057" VPOS="837" WC="0.871999979" WIDTH="109"/><SP HPOS="280" ID="PAG_00000009_SP000048" VPOS="835" WIDTH="9"/><String CONTENT="d’encouragement" HEIGHT="49" HPOS="290" ID="PAG_00000009_ST000058" VPOS="835" WC="0.8226666451" WIDTH="335"/><SP HPOS="626" ID="PAG_00000009_SP000049" VPOS="836" WIDTH="18"/><String CONTENT="à" HEIGHT="35" HPOS="645" ID="PAG_00000009_ST000059" VPOS="836" WC="0.2399999946" WIDTH="20"/><SP HPOS="666" ID="PAG_00000009_SP000050" VPOS="836" WIDTH="18"/><String CONTENT="la" HEIGHT="36" HPOS="685" ID="PAG_00000009_ST000060" VPOS="836" WC="0.7350000143" WIDTH="36"/><SP HPOS="722" ID="PAG_00000009_SP000051" VPOS="850" WIDTH="12"/><String CONTENT="vertu" HEIGHT="30" HPOS="735" ID="PAG_00000009_ST000061" VPOS="843" WC="0.7459999919" WIDTH="102"/></TextLine>
<TextLine HEIGHT="49" HPOS="168" ID="PAG_00000009_TL000011" VPOS="910" WIDTH="666"><String CONTENT="pour" HEIGHT="36" HPOS="168" ID="PAG_00000009_ST000062" VPOS="923" WC="0.7624999881" WIDTH="96"/><SP HPOS="265" ID="PAG_00000009_SP000052" VPOS="917" WIDTH="17"/><String CONTENT="toutes" HEIGHT="29" HPOS="283" ID="PAG_00000009_ST000063" VPOS="917" WC="0.8683333397" WIDTH="114"/><SP HPOS="398" ID="PAG_00000009_SP000053" VPOS="910" WIDTH="14"/><String CONTENT="les" HEIGHT="36" HPOS="413" ID="PAG_00000009_ST000064" VPOS="910" WC="0.9566666484" WIDTH="50"/><SP HPOS="464" ID="PAG_00000009_SP000054" VPOS="911" WIDTH="10"/><String CONTENT="jeunes" HEIGHT="48" HPOS="475" ID="PAG_00000009_ST000065" VPOS="911" WC="0.7400000095" WIDTH="128"/><SP HPOS="604" ID="PAG_00000009_SP000055" VPOS="923" WIDTH="19"/><String CONTENT="personnes," HEIGHT="36" HPOS="624" ID="PAG_00000009_ST000066" VPOS="923" WC="0.7369999886" WIDTH="210"/></TextLine>
<TextLine HEIGHT="49" HPOS="169" ID="PAG_00000009_TL000012" VPOS="985" WIDTH="667"><String CONTENT="et" HEIGHT="29" HPOS="169" ID="PAG_00000009_ST000067" VPOS="992" WC="0.7099999785" WIDTH="33"/><SP HPOS="203" ID="PAG_00000009_SP000056" VPOS="992" WIDTH="19"/><String CONTENT="surtout" HEIGHT="30" HPOS="223" ID="PAG_00000009_ST000068" VPOS="991" WC="0.5657142997" WIDTH="141"/><SP HPOS="365" ID="PAG_00000009_SP000057" VPOS="991" WIDTH="14"/><String CONTENT="pour" HEIGHT="36" HPOS="380" ID="PAG_00000009_ST000069" VPOS="998" WC="0.7875000238" WIDTH="94"/><SP HPOS="475" ID="PAG_00000009_SP000058" VPOS="998" WIDTH="26"/><String CONTENT="celles" HEIGHT="37" HPOS="502" ID="PAG_00000009_ST000070" VPOS="985" WC="0.8616666794" WIDTH="102"/><SP HPOS="605" ID="PAG_00000009_SP000059" VPOS="998" WIDTH="18"/><String CONTENT="qui" HEIGHT="48" HPOS="624" ID="PAG_00000009_ST000071" VPOS="986" WC="0.6866666675" WIDTH="62"/><SP HPOS="687" ID="PAG_00000009_SP000060" VPOS="986" WIDTH="24"/><String CONTENT="eurent" HEIGHT="29" HPOS="712" ID="PAG_00000009_ST000072" VPOS="992" WC="0.7766666412" WIDTH="124"/></TextLine>
<TextLine HEIGHT="37" HPOS="167" ID="PAG_00000009_TL000013" VPOS="1059" WIDTH="668"><String CONTENT="le" HEIGHT="35" HPOS="167" ID="PAG_00000009_ST000073" VPOS="1060" WC="1" WIDTH="33"/><SP HPOS="201" ID="PAG_00000009_SP000061" VPOS="1059" WIDTH="29"/><String CONTENT="bonheur" HEIGHT="36" HPOS="231" ID="PAG_00000009_ST000074" VPOS="1059" WC="0.6700000167" WIDTH="166"/><SP HPOS="398" ID="PAG_00000009_SP000062" VPOS="1059" WIDTH="37"/><String CONTENT="de" HEIGHT="36" HPOS="436" ID="PAG_00000009_ST000075" VPOS="1059" WC="1" WIDTH="44"/><SP HPOS="481" ID="PAG_00000009_SP000063" VPOS="1072" WIDTH="27"/><String CONTENT="vivre" HEIGHT="36" HPOS="509" ID="PAG_00000009_ST000076" VPOS="1060" WC="0.5640000105" WIDTH="100"/><SP HPOS="610" ID="PAG_00000009_SP000064" VPOS="1072" WIDTH="35"/><String CONTENT="avec" HEIGHT="24" HPOS="646" ID="PAG_00000009_ST000077" VPOS="1072" WC="0.6899999976" WIDTH="84"/><SP HPOS="731" ID="PAG_00000009_SP000065" VPOS="1072" WIDTH="30"/><String CONTENT="une" HEIGHT="23" HPOS="762" ID="PAG_00000009_ST000078" VPOS="1072" WC="0.7533333302" WIDTH="73"/></TextLine>
<TextLine HEIGHT="52" HPOS="168" ID="PAG_00000009_TL000014" VPOS="1133" WIDTH="666"><String CONTENT="compagne" HEIGHT="37" HPOS="168" ID="PAG_00000009_ST000079" VPOS="1148" WC="0.8000000119" WIDTH="199"/><SP HPOS="368" ID="PAG_00000009_SP000066" VPOS="1148" WIDTH="34"/><String CONTENT="si" HEIGHT="35" HPOS="403" ID="PAG_00000009_ST000080" VPOS="1136" WC="0.8949999809" WIDTH="30"/><SP HPOS="434" ID="PAG_00000009_SP000067" VPOS="1134" WIDTH="35"/><String CONTENT="digne" HEIGHT="49" HPOS="470" ID="PAG_00000009_ST000081" VPOS="1134" WC="0.8679999709" WIDTH="106"/><SP HPOS="577" ID="PAG_00000009_SP000068" VPOS="1133" WIDTH="32"/><String CONTENT="de" HEIGHT="37" HPOS="610" ID="PAG_00000009_ST000082" VPOS="1133" WC="0.8500000238" WIDTH="45"/><SP HPOS="656" ID="PAG_00000009_SP000069" VPOS="1147" WIDTH="26"/><String CONTENT="nos" HEIGHT="23" HPOS="683" ID="PAG_00000009_ST000083" VPOS="1147" WC="0.9100000262" WIDTH="67"/><SP HPOS="751" ID="PAG_00000009_SP000070" VPOS="1147" WIDTH="24"/><String CONTENT="re" HEIGHT="23" HPOS="776" ID="PAG_00000009_ST000084" SUBS_CONTENT="regrets" SUBS_TYPE="HypPart1" VPOS="1148" WC="0.8199999928" WIDTH="38"/><HYP CONTENT="­"/></TextLine>
<TextLine HEIGHT="50" HPOS="168" ID="PAG_00000009_TL000015" VPOS="1209" WIDTH="668"><String CONTENT="grets" HEIGHT="44" HPOS="168" ID="PAG_00000009_ST000085" SUBS_CONTENT="regrets" SUBS_TYPE="HypPart2" VPOS="1215" WC="0.6380000114" WIDTH="93"/><SP HPOS="262" ID="PAG_00000009_SP000071" VPOS="1222" WIDTH="19"/><String CONTENT="communs." HEIGHT="26" HPOS="282" ID="PAG_00000009_ST000086" VPOS="1221" WC="0.71875" WIDTH="203"/><SP HPOS="486" ID="PAG_00000009_SP000072" VPOS="1211" WIDTH="32"/><String CONTENT="Elles" HEIGHT="37" HPOS="519" ID="PAG_00000009_ST000087" VPOS="1209" WC="0.7839999795" WIDTH="94"/><SP HPOS="614" ID="PAG_00000009_SP000073" VPOS="1221" WIDTH="24"/><String CONTENT="y" HEIGHT="37" HPOS="639" ID="PAG_00000009_ST000088" VPOS="1222" WC="0.2399999946" WIDTH="25"/><SP HPOS="665" ID="PAG_00000009_SP000074" VPOS="1222" WIDTH="22"/><String CONTENT="verront" HEIGHT="32" HPOS="688" ID="PAG_00000009_ST000089" VPOS="1216" WC="0.75" WIDTH="148"/></TextLine>
</TextBlock>
</PrintSpace>
</Page>
</Layout>
</alto>