<?xml version="1.0" encoding="UTF-8"?><alto xmlns="http://www.loc.gov/standards/alto/ns-v3#" xmlns:xlink="http://www.w3.org/TR/xlink" xmlns:xsi="http://www.w3.org/2001/XMLSchema-instance" SCHEMAVERSION="alto_bnf-v2_0" xsi:schemaLocation="http://www.loc.gov/standards/alto/ns-v3# http://bibnum.bnf.fr/schema/alto_bnf-v2_0.xsd">
<Description><MeasurementUnit>pixel</MeasurementUnit><sourceImageInformation><fileName>00000015.tif</fileName><fileIdentifier>ark:/12148/bpt6k5628146t/f15</fileIdentifier><documentIdentifier documentIdentifierLocation="NUM">5628146</documentIdentifier></sourceImageInformation><OCRProcessing ID="OCR_1"><ocrProcessingStep><processingDateTime>2019-01-17</processingDateTime><processingStepDescription>[001_OCR_BRUT]OCR BRUT 75.35 %</processingStepDescription><processingStepDescription>[002_CHARS]{592}</processingStepDescription><processingStepDescription>[007_STRINGS]{127}</processingStepDescription><processingSoftware><softwareCreator>ABBYY</softwareCreator><softwareName>ABBYY FineReader Engine</softwareName><softwareVersion>11</softwareVersion></processingSoftware></ocrProcessingStep></OCRProcessing></Description>
<Styles>
</Styles>
<Layout>
<Page ACCURACY="75.35" HEIGHT="1637" ID="PAG_00000015" PHYSICAL_IMG_NR="15" QUALITY="OK" WIDTH="1026">
<TopMargin HEIGHT="120" HPOS="0" ID="PAG_00000015_TopMargin" VPOS="0" WIDTH="1026">
</TopMargin>
<LeftMargin HEIGHT="1229" HPOS="0" ID="PAG_00000015_LeftMargin" VPOS="120" WIDTH="160">
</LeftMargin>
<RightMargin HEIGHT="1229" HPOS="843" ID="PAG_00000015_RightMargin" VPOS="120" WIDTH="183">
</RightMargin>
<BottomMargin HEIGHT="288" HPOS="0" ID="PAG_00000015_BottomMargin" VPOS="1349" WIDTH="1026">
</BottomMargin>
<PrintSpace HEIGHT="1229" HPOS="160" ID="PAG_00000015_PrintSpace" VPOS="120" WIDTH="683">
<TextBlock HEIGHT="1229" HPOS="160" ID="PAG_00000015_TB000001" VPOS="120" WIDTH="683" language="fr">
<TextLine HEIGHT="36" HPOS="479" ID="PAG_00000015_TL000001" VPOS="132" WIDTH="48"><String CONTENT="12" HEIGHT="36" HPOS="479" ID="PAG_00000015_ST000001" VPOS="132" WC="0.2450000048" WIDTH="48"/></TextLine>
<TextLine HEIGHT="34" HPOS="166" ID="PAG_00000015_TL000002" VPOS="204" WIDTH="667"><String CONTENT="la" HEIGHT="31" HPOS="166" ID="PAG_00000015_ST000002" VPOS="206" WC="0.8600000143" WIDTH="32"/><SP HPOS="199" ID="PAG_00000015_SP000001" VPOS="215" WIDTH="13"/><String CONTENT="mettaient" HEIGHT="33" HPOS="213" ID="PAG_00000015_ST000003" VPOS="205" WC="0.75222224" WIDTH="176"/><SP HPOS="390" ID="PAG_00000015_SP000002" VPOS="205" WIDTH="22"/><String CONTENT="hors" HEIGHT="33" HPOS="413" ID="PAG_00000015_ST000004" VPOS="205" WC="0.7574999928" WIDTH="78"/><SP HPOS="492" ID="PAG_00000015_SP000003" VPOS="205" WIDTH="19"/><String CONTENT="d’elle-même." HEIGHT="34" HPOS="512" ID="PAG_00000015_ST000005" VPOS="204" WC="0.6741666794" WIDTH="228"/><SP HPOS="741" ID="PAG_00000015_SP000004" VPOS="204" WIDTH="26"/><String CONTENT="Son" HEIGHT="33" HPOS="768" ID="PAG_00000015_ST000006" VPOS="204" WC="0.9366666675" WIDTH="65"/></TextLine>
<TextLine HEIGHT="47" HPOS="168" ID="PAG_00000015_TL000003" VPOS="259" WIDTH="666"><String CONTENT="caractère" HEIGHT="32" HPOS="168" ID="PAG_00000015_ST000007" VPOS="263" WC="0.878888905" WIDTH="160"/><SP HPOS="329" ID="PAG_00000015_SP000005" VPOS="259" WIDTH="32"/><String CONTENT="fut" HEIGHT="36" HPOS="362" ID="PAG_00000015_ST000008" VPOS="259" WC="0.7466666698" WIDTH="50"/><SP HPOS="413" ID="PAG_00000015_SP000006" VPOS="268" WIDTH="23"/><String CONTENT="pour" HEIGHT="33" HPOS="437" ID="PAG_00000015_ST000009" VPOS="273" WC="0.6175000072" WIDTH="85"/><SP HPOS="523" ID="PAG_00000015_SP000007" VPOS="273" WIDTH="25"/><String CONTENT="elle" HEIGHT="31" HPOS="549" ID="PAG_00000015_ST000010" VPOS="264" WC="0.8399999738" WIDTH="59"/><SP HPOS="609" ID="PAG_00000015_SP000008" VPOS="262" WIDTH="21"/><String CONTENT="le" HEIGHT="33" HPOS="631" ID="PAG_00000015_ST000011" VPOS="262" WC="0.6349999905" WIDTH="37"/><SP HPOS="669" ID="PAG_00000015_SP000009" VPOS="274" WIDTH="15"/><String CONTENT="principe" HEIGHT="42" HPOS="685" ID="PAG_00000015_ST000012" VPOS="263" WC="0.5487499833" WIDTH="149"/></TextLine>
<TextLine HEIGHT="41" HPOS="168" ID="PAG_00000015_TL000004" VPOS="319" WIDTH="667"><String CONTENT="d’une" HEIGHT="32" HPOS="168" ID="PAG_00000015_ST000013" VPOS="321" WC="0.6340000033" WIDTH="97"/><SP HPOS="266" ID="PAG_00000015_SP000010" VPOS="321" WIDTH="19"/><String CONTENT="infinité" HEIGHT="33" HPOS="286" ID="PAG_00000015_ST000014" VPOS="319" WC="0.6387500167" WIDTH="126"/><SP HPOS="413" ID="PAG_00000015_SP000011" VPOS="319" WIDTH="24"/><String CONTENT="d’efforts," HEIGHT="41" HPOS="438" ID="PAG_00000015_ST000015" VPOS="319" WC="0.7149999738" WIDTH="158"/><SP HPOS="597" ID="PAG_00000015_SP000012" VPOS="321" WIDTH="28"/><String CONTENT="de" HEIGHT="31" HPOS="626" ID="PAG_00000015_ST000016" VPOS="321" WC="1" WIDTH="39"/><SP HPOS="666" ID="PAG_00000015_SP000013" VPOS="332" WIDTH="22"/><String CONTENT="combats" HEIGHT="32" HPOS="689" ID="PAG_00000015_ST000017" VPOS="320" WC="0.8785714507" WIDTH="146"/></TextLine>
<TextLine HEIGHT="32" HPOS="168" ID="PAG_00000015_TL000005" VPOS="378" WIDTH="667"><String CONTENT="et" HEIGHT="27" HPOS="168" ID="PAG_00000015_ST000018" VPOS="383" WC="1" WIDTH="32"/><SP HPOS="201" ID="PAG_00000015_SP000014" VPOS="379" WIDTH="13"/><String CONTENT="de" HEIGHT="30" HPOS="215" ID="PAG_00000015_ST000019" VPOS="379" WC="0.7099999785" WIDTH="39"/><SP HPOS="255" ID="PAG_00000015_SP000015" VPOS="388" WIDTH="18"/><String CONTENT="victoires." HEIGHT="31" HPOS="274" ID="PAG_00000015_ST000020" VPOS="379" WC="0.8640000224" WIDTH="163"/><SP HPOS="438" ID="PAG_00000015_SP000016" VPOS="378" WIDTH="18"/><String CONTENT="Le" HEIGHT="31" HPOS="457" ID="PAG_00000015_ST000021" VPOS="378" WC="0.6899999976" WIDTH="43"/><SP HPOS="501" ID="PAG_00000015_SP000017" VPOS="386" WIDTH="13"/><String CONTENT="réformer" HEIGHT="32" HPOS="515" ID="PAG_00000015_ST000022" VPOS="378" WC="0.7599999905" WIDTH="155"/><SP HPOS="671" ID="PAG_00000015_SP000018" VPOS="378" WIDTH="17"/><String CONTENT="fut" HEIGHT="32" HPOS="689" ID="PAG_00000015_ST000023" VPOS="378" WC="0.8033333421" WIDTH="49"/><SP HPOS="739" ID="PAG_00000015_SP000019" VPOS="378" WIDTH="14"/><String CONTENT="dans" HEIGHT="31" HPOS="754" ID="PAG_00000015_ST000024" VPOS="378" WC="0.7174999714" WIDTH="81"/></TextLine>
<TextLine HEIGHT="41" HPOS="167" ID="PAG_00000015_TL000006" VPOS="436" WIDTH="666"><String CONTENT="la" HEIGHT="30" HPOS="167" ID="PAG_00000015_ST000025" VPOS="436" WC="1" WIDTH="32"/><SP HPOS="200" ID="PAG_00000015_SP000020" VPOS="446" WIDTH="19"/><String CONTENT="suite" HEIGHT="30" HPOS="220" ID="PAG_00000015_ST000026" VPOS="436" WC="0.6240000129" WIDTH="83"/><SP HPOS="304" ID="PAG_00000015_SP000021" VPOS="442" WIDTH="18"/><String CONTENT="sa" HEIGHT="20" HPOS="323" ID="PAG_00000015_ST000027" VPOS="446" WC="0.6299999952" WIDTH="34"/><SP HPOS="358" ID="PAG_00000015_SP000022" VPOS="446" WIDTH="25"/><String CONTENT="seule" HEIGHT="30" HPOS="384" ID="PAG_00000015_ST000028" VPOS="436" WC="0.8360000253" WIDTH="86"/><SP HPOS="471" ID="PAG_00000015_SP000023" VPOS="446" WIDTH="20"/><String CONTENT="pensée" HEIGHT="41" HPOS="492" ID="PAG_00000015_ST000029" VPOS="436" WC="0.8566666842" WIDTH="117"/><SP HPOS="610" ID="PAG_00000015_SP000024" VPOS="447" WIDTH="16"/><String CONTENT="et" HEIGHT="26" HPOS="627" ID="PAG_00000015_ST000030" VPOS="441" WC="1" WIDTH="32"/><SP HPOS="660" ID="PAG_00000015_SP000025" VPOS="441" WIDTH="16"/><String CONTENT="son" HEIGHT="21" HPOS="677" ID="PAG_00000015_ST000031" VPOS="446" WC="0.75" WIDTH="58"/><SP HPOS="736" ID="PAG_00000015_SP000026" VPOS="447" WIDTH="24"/><String CONTENT="uni" HEIGHT="30" HPOS="761" ID="PAG_00000015_ST000032" SUBS_CONTENT="unique" SUBS_TYPE="HypPart1" VPOS="436" WC="0.4866666794" WIDTH="59"/><HYP CONTENT="­"/></TextLine>
<TextLine HEIGHT="41" HPOS="169" ID="PAG_00000015_TL000007" VPOS="494" WIDTH="664"><String CONTENT="que" HEIGHT="31" HPOS="169" ID="PAG_00000015_ST000033" SUBS_CONTENT="unique" SUBS_TYPE="HypPart2" VPOS="503" WC="0.6233333349" WIDTH="63"/><SP HPOS="233" ID="PAG_00000015_SP000027" VPOS="503" WIDTH="32"/><String CONTENT="occupation," HEIGHT="41" HPOS="266" ID="PAG_00000015_ST000034" VPOS="494" WC="0.852727294" WIDTH="216"/><SP HPOS="483" ID="PAG_00000015_SP000028" VPOS="505" WIDTH="41"/><String CONTENT="et" HEIGHT="26" HPOS="525" ID="PAG_00000015_ST000035" VPOS="498" WC="1" WIDTH="32"/><SP HPOS="558" ID="PAG_00000015_SP000029" VPOS="498" WIDTH="33"/><String CONTENT="nous" HEIGHT="22" HPOS="592" ID="PAG_00000015_ST000036" VPOS="503" WC="0.8725000024" WIDTH="81"/><SP HPOS="674" ID="PAG_00000015_SP000030" VPOS="504" WIDTH="26"/><String CONTENT="verrons" HEIGHT="22" HPOS="701" ID="PAG_00000015_ST000037" VPOS="503" WC="0.7185714245" WIDTH="132"/></TextLine>
<TextLine HEIGHT="42" HPOS="169" ID="PAG_00000015_TL000008" VPOS="552" WIDTH="663"><String CONTENT="comment" HEIGHT="26" HPOS="169" ID="PAG_00000015_ST000038" VPOS="556" WC="0.8914285898" WIDTH="164"/><SP HPOS="334" ID="PAG_00000015_SP000031" VPOS="556" WIDTH="11"/><String CONTENT="elle" HEIGHT="30" HPOS="346" ID="PAG_00000015_ST000039" VPOS="552" WC="1" WIDTH="59"/><SP HPOS="406" ID="PAG_00000015_SP000032" VPOS="562" WIDTH="13"/><String CONTENT="en" HEIGHT="21" HPOS="420" ID="PAG_00000015_ST000040" VPOS="562" WC="0.5749999881" WIDTH="40"/><SP HPOS="461" ID="PAG_00000015_SP000033" VPOS="562" WIDTH="7"/><String CONTENT="sut" HEIGHT="25" HPOS="469" ID="PAG_00000015_ST000041" VPOS="557" WC="0.6399999857" WIDTH="51"/><SP HPOS="521" ID="PAG_00000015_SP000034" VPOS="557" WIDTH="9"/><String CONTENT="profiter" HEIGHT="41" HPOS="531" ID="PAG_00000015_ST000042" VPOS="552" WC="0.9100000262" WIDTH="133"/><SP HPOS="665" ID="PAG_00000015_SP000035" VPOS="562" WIDTH="12"/><String CONTENT="pour" HEIGHT="32" HPOS="678" ID="PAG_00000015_ST000043" VPOS="562" WC="0.400000006" WIDTH="84"/><SP HPOS="763" ID="PAG_00000015_SP000036" VPOS="563" WIDTH="10"/><String CONTENT="son" HEIGHT="21" HPOS="774" ID="PAG_00000015_ST000044" VPOS="562" WC="0.9133333564" WIDTH="58"/></TextLine>
<TextLine HEIGHT="32" HPOS="169" ID="PAG_00000015_TL000009" VPOS="610" WIDTH="663"><String CONTENT="avancement" HEIGHT="26" HPOS="169" ID="PAG_00000015_ST000045" VPOS="615" WC="0.9250000119" WIDTH="209"/><SP HPOS="379" ID="PAG_00000015_SP000037" VPOS="610" WIDTH="24"/><String CONTENT="dans" HEIGHT="30" HPOS="404" ID="PAG_00000015_ST000046" VPOS="610" WC="0.625" WIDTH="78"/><SP HPOS="483" ID="PAG_00000015_SP000038" VPOS="610" WIDTH="22"/><String CONTENT="la" HEIGHT="30" HPOS="506" ID="PAG_00000015_ST000047" VPOS="610" WC="0.9200000167" WIDTH="31"/><SP HPOS="538" ID="PAG_00000015_SP000039" VPOS="620" WIDTH="24"/><String CONTENT="vertu." HEIGHT="25" HPOS="563" ID="PAG_00000015_ST000048" VPOS="616" WC="0.8849999905" WIDTH="105"/><SP HPOS="669" ID="PAG_00000015_SP000040" VPOS="610" WIDTH="24"/><String CONTENT="A" HEIGHT="31" HPOS="694" ID="PAG_00000015_ST000049" VPOS="610" WC="0.3199999928" WIDTH="26"/><SP HPOS="721" ID="PAG_00000015_SP000041" VPOS="610" WIDTH="28"/><String CONTENT="cette" HEIGHT="26" HPOS="750" ID="PAG_00000015_ST000050" VPOS="616" WC="0.7879999876" WIDTH="82"/></TextLine>
<TextLine HEIGHT="43" HPOS="167" ID="PAG_00000015_TL000010" VPOS="666" WIDTH="667"><String CONTENT="pétulance" HEIGHT="42" HPOS="167" ID="PAG_00000015_ST000051" VPOS="666" WC="0.8999999762" WIDTH="171"/><SP HPOS="339" ID="PAG_00000015_SP000042" VPOS="666" WIDTH="7"/><String CONTENT="Augustine" HEIGHT="42" HPOS="347" ID="PAG_00000015_ST000052" VPOS="666" WC="0.6655555367" WIDTH="175"/><SP HPOS="523" ID="PAG_00000015_SP000043" VPOS="668" WIDTH="6"/><String CONTENT="j" HEIGHT="41" HPOS="530" ID="PAG_00000015_ST000053" VPOS="668" WC="0.4499999881" WIDTH="10"/><SP HPOS="541" ID="PAG_00000015_SP000044" VPOS="668" WIDTH="5"/><String CONTENT="oignait" HEIGHT="41" HPOS="547" ID="PAG_00000015_ST000054" VPOS="668" WC="0.7542856932" WIDTH="120"/><SP HPOS="668" ID="PAG_00000015_SP000045" VPOS="673" WIDTH="7"/><String CONTENT="un" HEIGHT="19" HPOS="676" ID="PAG_00000015_ST000055" VPOS="679" WC="0.474999994" WIDTH="44"/><SP HPOS="721" ID="PAG_00000015_SP000046" VPOS="678" WIDTH="11"/><String CONTENT="grand" HEIGHT="40" HPOS="733" ID="PAG_00000015_ST000056" VPOS="668" WC="0.6560000181" WIDTH="101"/></TextLine>
<TextLine HEIGHT="44" HPOS="169" ID="PAG_00000015_TL000011" VPOS="722" WIDTH="663"><String CONTENT="fonds" HEIGHT="31" HPOS="169" ID="PAG_00000015_ST000057" VPOS="724" WC="0.8859999776" WIDTH="92"/><SP HPOS="262" ID="PAG_00000015_SP000047" VPOS="724" WIDTH="25"/><String CONTENT="de" HEIGHT="31" HPOS="288" ID="PAG_00000015_ST000058" VPOS="724" WC="0.7749999762" WIDTH="39"/><SP HPOS="328" ID="PAG_00000015_SP000048" VPOS="734" WIDTH="24"/><String CONTENT="piété," HEIGHT="44" HPOS="353" ID="PAG_00000015_ST000059" VPOS="722" WC="0.7583333254" WIDTH="109"/><SP HPOS="463" ID="PAG_00000015_SP000049" VPOS="735" WIDTH="25"/><String CONTENT="et" HEIGHT="26" HPOS="489" ID="PAG_00000015_ST000060" VPOS="729" WC="1" WIDTH="32"/><SP HPOS="522" ID="PAG_00000015_SP000050" VPOS="729" WIDTH="23"/><String CONTENT="c’était" HEIGHT="32" HPOS="546" ID="PAG_00000015_ST000061" VPOS="723" WC="0.9485714436" WIDTH="106"/><SP HPOS="653" ID="PAG_00000015_SP000051" VPOS="725" WIDTH="15"/><String CONTENT="là" HEIGHT="30" HPOS="669" ID="PAG_00000015_ST000062" VPOS="724" WC="0.625" WIDTH="32"/><SP HPOS="702" ID="PAG_00000015_SP000052" VPOS="724" WIDTH="20"/><String CONTENT="ce" HEIGHT="20" HPOS="723" ID="PAG_00000015_ST000063" VPOS="735" WC="1" WIDTH="35"/><SP HPOS="759" ID="PAG_00000015_SP000053" VPOS="734" WIDTH="15"/><String CONTENT="qui" HEIGHT="40" HPOS="775" ID="PAG_00000015_ST000064" VPOS="724" WC="0.6499999762" WIDTH="57"/></TextLine>
<TextLine HEIGHT="43" HPOS="170" ID="PAG_00000015_TL000012" VPOS="781" WIDTH="661"><String CONTENT="étonnait;" HEIGHT="39" HPOS="170" ID="PAG_00000015_ST000065" VPOS="783" WC="0.7666666508" WIDTH="165"/><SP HPOS="336" ID="PAG_00000015_SP000054" VPOS="782" WIDTH="34"/><String CONTENT="déjà" HEIGHT="43" HPOS="371" ID="PAG_00000015_ST000066" VPOS="781" WC="0.6974999905" WIDTH="72"/><SP HPOS="444" ID="PAG_00000015_SP000055" VPOS="781" WIDTH="30"/><String CONTENT="elle" HEIGHT="30" HPOS="475" ID="PAG_00000015_ST000067" VPOS="783" WC="0.8849999905" WIDTH="60"/><SP HPOS="536" ID="PAG_00000015_SP000056" VPOS="781" WIDTH="25"/><String CONTENT="était" HEIGHT="32" HPOS="562" ID="PAG_00000015_ST000068" VPOS="781" WC="0.7879999876" WIDTH="77"/><SP HPOS="640" ID="PAG_00000015_SP000057" VPOS="787" WIDTH="27"/><String CONTENT="recueillie" HEIGHT="31" HPOS="668" ID="PAG_00000015_ST000069" VPOS="782" WC="0.8140000105" WIDTH="163"/></TextLine>
<TextLine HEIGHT="41" HPOS="170" ID="PAG_00000015_TL000013" VPOS="839" WIDTH="664"><String CONTENT="dans" HEIGHT="30" HPOS="170" ID="PAG_00000015_ST000070" VPOS="840" WC="0.8100000024" WIDTH="78"/><SP HPOS="249" ID="PAG_00000015_SP000058" VPOS="850" WIDTH="32"/><String CONTENT="ses" HEIGHT="20" HPOS="282" ID="PAG_00000015_ST000071" VPOS="850" WC="0.7900000215" WIDTH="48"/><SP HPOS="331" ID="PAG_00000015_SP000059" VPOS="849" WIDTH="22"/><String CONTENT="prières," HEIGHT="41" HPOS="354" ID="PAG_00000015_ST000072" VPOS="839" WC="0.8199999928" WIDTH="141"/><SP HPOS="496" ID="PAG_00000015_SP000060" VPOS="850" WIDTH="39"/><String CONTENT="et" HEIGHT="26" HPOS="536" ID="PAG_00000015_ST000073" VPOS="844" WC="1" WIDTH="31"/><SP HPOS="568" ID="PAG_00000015_SP000061" VPOS="844" WIDTH="30"/><String CONTENT="se" HEIGHT="20" HPOS="599" ID="PAG_00000015_ST000074" VPOS="850" WC="0.7649999857" WIDTH="33"/><SP HPOS="633" ID="PAG_00000015_SP000062" VPOS="840" WIDTH="25"/><String CONTENT="livrait" HEIGHT="31" HPOS="659" ID="PAG_00000015_ST000075" VPOS="840" WC="0.7214285731" WIDTH="107"/><SP HPOS="767" ID="PAG_00000015_SP000063" VPOS="844" WIDTH="23"/><String CONTENT="au" HEIGHT="20" HPOS="791" ID="PAG_00000015_ST000076" VPOS="850" WC="0.6750000119" WIDTH="43"/></TextLine>
<TextLine HEIGHT="32" HPOS="168" ID="PAG_00000015_TL000014" VPOS="896" WIDTH="666"><String CONTENT="travail" HEIGHT="31" HPOS="168" ID="PAG_00000015_ST000077" VPOS="897" WC="0.6800000072" WIDTH="115"/><SP HPOS="284" ID="PAG_00000015_SP000064" VPOS="897" WIDTH="19"/><String CONTENT="avec" HEIGHT="21" HPOS="304" ID="PAG_00000015_ST000078" VPOS="906" WC="1" WIDTH="75"/><SP HPOS="380" ID="PAG_00000015_SP000065" VPOS="906" WIDTH="17"/><String CONTENT="ardeur." HEIGHT="31" HPOS="398" ID="PAG_00000015_ST000079" VPOS="896" WC="0.8885714412" WIDTH="128"/><SP HPOS="527" ID="PAG_00000015_SP000066" VPOS="896" WIDTH="27"/><String CONTENT="Elle" HEIGHT="31" HPOS="555" ID="PAG_00000015_ST000080" VPOS="896" WC="0.8025000095" WIDTH="66"/><SP HPOS="622" ID="PAG_00000015_SP000067" VPOS="907" WIDTH="21"/><String CONTENT="avait" HEIGHT="31" HPOS="644" ID="PAG_00000015_ST000081" VPOS="897" WC="0.8939999938" WIDTH="85"/><SP HPOS="730" ID="PAG_00000015_SP000068" VPOS="897" WIDTH="17"/><String CONTENT="deux" HEIGHT="31" HPOS="748" ID="PAG_00000015_ST000082" VPOS="897" WC="1" WIDTH="86"/></TextLine>
<TextLine HEIGHT="43" HPOS="168" ID="PAG_00000015_TL000015" VPOS="952" WIDTH="666"><String CONTENT="frères" HEIGHT="31" HPOS="168" ID="PAG_00000015_ST000083" VPOS="953" WC="0.7883333564" WIDTH="96"/><SP HPOS="265" ID="PAG_00000015_SP000069" VPOS="952" WIDTH="31"/><String CONTENT="à" HEIGHT="31" HPOS="297" ID="PAG_00000015_ST000084" VPOS="952" WC="0.25" WIDTH="19"/><SP HPOS="317" ID="PAG_00000015_SP000070" VPOS="952" WIDTH="24"/><String CONTENT="peu" HEIGHT="31" HPOS="342" ID="PAG_00000015_ST000085" VPOS="963" WC="1" WIDTH="66"/><SP HPOS="409" ID="PAG_00000015_SP000071" VPOS="963" WIDTH="31"/><String CONTENT="près" HEIGHT="42" HPOS="441" ID="PAG_00000015_ST000086" VPOS="953" WC="0.8500000238" WIDTH="73"/><SP HPOS="515" ID="PAG_00000015_SP000072" VPOS="954" WIDTH="33"/><String CONTENT="du" HEIGHT="30" HPOS="549" ID="PAG_00000015_ST000087" VPOS="954" WC="0.4399999976" WIDTH="44"/><SP HPOS="594" ID="PAG_00000015_SP000073" VPOS="964" WIDTH="31"/><String CONTENT="même" HEIGHT="32" HPOS="626" ID="PAG_00000015_ST000088" VPOS="953" WC="0.6974999905" WIDTH="107"/><SP HPOS="734" ID="PAG_00000015_SP000074" VPOS="953" WIDTH="42"/><String CONTENT="âge" HEIGHT="42" HPOS="777" ID="PAG_00000015_ST000089" VPOS="953" WC="0.4433333278" WIDTH="57"/></TextLine>
<TextLine HEIGHT="42" HPOS="170" ID="PAG_00000015_TL000016" VPOS="1010" WIDTH="664"><String CONTENT="qu’elle;" HEIGHT="42" HPOS="170" ID="PAG_00000015_ST000090" VPOS="1010" WC="0.7925000191" WIDTH="134"/><SP HPOS="305" ID="PAG_00000015_SP000075" VPOS="1021" WIDTH="22"/><String CONTENT="elle" HEIGHT="30" HPOS="328" ID="PAG_00000015_ST000091" VPOS="1011" WC="0.7599999905" WIDTH="60"/><SP HPOS="389" ID="PAG_00000015_SP000076" VPOS="1021" WIDTH="24"/><String CONTENT="rivalisait" HEIGHT="30" HPOS="414" ID="PAG_00000015_ST000092" VPOS="1011" WC="0.6600000262" WIDTH="153"/><SP HPOS="568" ID="PAG_00000015_SP000077" VPOS="1016" WIDTH="28"/><String CONTENT="avec" HEIGHT="21" HPOS="597" ID="PAG_00000015_ST000093" VPOS="1021" WC="0.8675000072" WIDTH="75"/><SP HPOS="673" ID="PAG_00000015_SP000078" VPOS="1022" WIDTH="24"/><String CONTENT="eux" HEIGHT="19" HPOS="698" ID="PAG_00000015_ST000094" VPOS="1022" WC="0.4099999964" WIDTH="63"/><SP HPOS="762" ID="PAG_00000015_SP000079" VPOS="1012" WIDTH="32"/><String CONTENT="de" HEIGHT="30" HPOS="795" ID="PAG_00000015_ST000095" VPOS="1012" WC="0.6000000238" WIDTH="39"/></TextLine>
<TextLine HEIGHT="40" HPOS="170" ID="PAG_00000015_TL000017" VPOS="1067" WIDTH="665"><String CONTENT="zèle" HEIGHT="30" HPOS="170" ID="PAG_00000015_ST000096" VPOS="1067" WC="0.9549999833" WIDTH="66"/><SP HPOS="237" ID="PAG_00000015_SP000080" VPOS="1077" WIDTH="23"/><String CONTENT="et" HEIGHT="26" HPOS="261" ID="PAG_00000015_ST000097" VPOS="1071" WC="1" WIDTH="32"/><SP HPOS="294" ID="PAG_00000015_SP000081" VPOS="1067" WIDTH="21"/><String CONTENT="de" HEIGHT="29" HPOS="316" ID="PAG_00000015_ST000098" VPOS="1067" WC="0.9200000167" WIDTH="39"/><SP HPOS="356" ID="PAG_00000015_SP000082" VPOS="1077" WIDTH="22"/><String CONTENT="courage," HEIGHT="31" HPOS="379" ID="PAG_00000015_ST000099" VPOS="1076" WC="0.6987500191" WIDTH="155"/><SP HPOS="535" ID="PAG_00000015_SP000083" VPOS="1078" WIDTH="26"/><String CONTENT="et" HEIGHT="25" HPOS="562" ID="PAG_00000015_ST000100" VPOS="1073" WC="1" WIDTH="31"/><SP HPOS="594" ID="PAG_00000015_SP000084" VPOS="1068" WIDTH="17"/><String CONTENT="les" HEIGHT="30" HPOS="612" ID="PAG_00000015_ST000101" VPOS="1068" WC="0.9399999976" WIDTH="45"/><SP HPOS="658" ID="PAG_00000015_SP000085" VPOS="1078" WIDTH="14"/><String CONTENT="exhortait" HEIGHT="31" HPOS="673" ID="PAG_00000015_ST000102" VPOS="1068" WC="0.8355555534" WIDTH="162"/></TextLine>
<TextLine HEIGHT="35" HPOS="171" ID="PAG_00000015_TL000018" VPOS="1123" WIDTH="663"><String CONTENT="à" HEIGHT="29" HPOS="171" ID="PAG_00000015_ST000103" VPOS="1124" WC="0.3100000024" WIDTH="18"/><SP HPOS="190" ID="PAG_00000015_SP000086" VPOS="1123" WIDTH="17"/><String CONTENT="bien" HEIGHT="31" HPOS="208" ID="PAG_00000015_ST000104" VPOS="1123" WC="0.6175000072" WIDTH="77"/><SP HPOS="286" ID="PAG_00000015_SP000087" VPOS="1128" WIDTH="19"/><String CONTENT="travailler" HEIGHT="31" HPOS="306" ID="PAG_00000015_ST000105" VPOS="1123" WC="0.8320000172" WIDTH="161"/><SP HPOS="468" ID="PAG_00000015_SP000088" VPOS="1134" WIDTH="19"/><String CONTENT="et" HEIGHT="25" HPOS="488" ID="PAG_00000015_ST000106" VPOS="1129" WC="1" WIDTH="31"/><SP HPOS="520" ID="PAG_00000015_SP000089" VPOS="1123" WIDTH="23"/><String CONTENT="à" HEIGHT="31" HPOS="544" ID="PAG_00000015_ST000107" VPOS="1123" WC="0.1800000072" WIDTH="17"/><SP HPOS="562" ID="PAG_00000015_SP000090" VPOS="1123" WIDTH="21"/><String CONTENT="bien" HEIGHT="32" HPOS="584" ID="PAG_00000015_ST000108" VPOS="1124" WC="0.6075000167" WIDTH="76"/><SP HPOS="661" ID="PAG_00000015_SP000091" VPOS="1137" WIDTH="21"/><String CONTENT="aimer" HEIGHT="32" HPOS="683" ID="PAG_00000015_ST000109" VPOS="1126" WC="0.7379999757" WIDTH="100"/><SP HPOS="784" ID="PAG_00000015_SP000092" VPOS="1127" WIDTH="18"/><String CONTENT="le" HEIGHT="30" HPOS="803" ID="PAG_00000015_ST000110" VPOS="1127" WC="0.9800000191" WIDTH="31"/></TextLine>
<TextLine HEIGHT="44" HPOS="170" ID="PAG_00000015_TL000019" VPOS="1180" WIDTH="663"><String CONTENT="bon" HEIGHT="31" HPOS="170" ID="PAG_00000015_ST000111" VPOS="1180" WC="0.5199999809" WIDTH="67"/><SP HPOS="238" ID="PAG_00000015_SP000093" VPOS="1180" WIDTH="17"/><String CONTENT="Dieu." HEIGHT="31" HPOS="256" ID="PAG_00000015_ST000112" VPOS="1180" WC="0.6179999709" WIDTH="93"/><SP HPOS="350" ID="PAG_00000015_SP000094" VPOS="1180" WIDTH="25"/><String CONTENT="Sa" HEIGHT="31" HPOS="376" ID="PAG_00000015_ST000113" VPOS="1180" WC="1" WIDTH="38"/><SP HPOS="415" ID="PAG_00000015_SP000095" VPOS="1191" WIDTH="25"/><String CONTENT="mère," HEIGHT="40" HPOS="441" ID="PAG_00000015_ST000114" VPOS="1180" WC="0.7680000067" WIDTH="104"/><SP HPOS="546" ID="PAG_00000015_SP000096" VPOS="1192" WIDTH="29"/><String CONTENT="qui" HEIGHT="39" HPOS="576" ID="PAG_00000015_ST000115" VPOS="1183" WC="0.8299999833" WIDTH="56"/><SP HPOS="633" ID="PAG_00000015_SP000097" VPOS="1183" WIDTH="25"/><String CONTENT="voyait" HEIGHT="40" HPOS="659" ID="PAG_00000015_ST000116" VPOS="1184" WC="0.6483333111" WIDTH="108"/><SP HPOS="768" ID="PAG_00000015_SP000098" VPOS="1189" WIDTH="31"/><String CONTENT="se" HEIGHT="20" HPOS="800" ID="PAG_00000015_ST000117" VPOS="1194" WC="0.9499999881" WIDTH="33"/></TextLine>
<TextLine HEIGHT="43" HPOS="172" ID="PAG_00000015_TL000020" VPOS="1237" WIDTH="661"><String CONTENT="développer" HEIGHT="43" HPOS="172" ID="PAG_00000015_ST000118" VPOS="1237" WC="0.5970000029" WIDTH="193"/><SP HPOS="366" ID="PAG_00000015_SP000099" VPOS="1248" WIDTH="20"/><String CONTENT="en" HEIGHT="20" HPOS="387" ID="PAG_00000015_ST000119" VPOS="1249" WC="0.625" WIDTH="40"/><SP HPOS="428" ID="PAG_00000015_SP000100" VPOS="1250" WIDTH="22"/><String CONTENT="elle" HEIGHT="31" HPOS="451" ID="PAG_00000015_ST000120" VPOS="1239" WC="0.9275000095" WIDTH="59"/><SP HPOS="511" ID="PAG_00000015_SP000101" VPOS="1239" WIDTH="15"/><String CONTENT="d’aussi" HEIGHT="32" HPOS="527" ID="PAG_00000015_ST000121" VPOS="1239" WC="0.7385714054" WIDTH="116"/><SP HPOS="644" ID="PAG_00000015_SP000102" VPOS="1241" WIDTH="15"/><String CONTENT="heureuses" HEIGHT="31" HPOS="660" ID="PAG_00000015_ST000122" VPOS="1241" WC="0.8077777624" WIDTH="173"/></TextLine>
<TextLine HEIGHT="46" HPOS="172" ID="PAG_00000015_TL000021" VPOS="1296" WIDTH="661"><String CONTENT="dispositions," HEIGHT="44" HPOS="172" ID="PAG_00000015_ST000123" VPOS="1296" WC="0.7230769396" WIDTH="224"/><SP HPOS="397" ID="PAG_00000015_SP000103" VPOS="1307" WIDTH="35"/><String CONTENT="un" HEIGHT="22" HPOS="433" ID="PAG_00000015_ST000124" VPOS="1307" WC="0.4199999869" WIDTH="45"/><SP HPOS="479" ID="PAG_00000015_SP000104" VPOS="1307" WIDTH="32"/><String CONTENT="goût" HEIGHT="44" HPOS="512" ID="PAG_00000015_ST000125" VPOS="1296" WC="0.4650000036" WIDTH="78"/><SP HPOS="591" ID="PAG_00000015_SP000105" VPOS="1303" WIDTH="23"/><String CONTENT="si" HEIGHT="32" HPOS="615" ID="PAG_00000015_ST000126" VPOS="1298" WC="0.9850000143" WIDTH="26"/><SP HPOS="642" ID="PAG_00000015_SP000106" VPOS="1298" WIDTH="24"/><String CONTENT="prononcé" HEIGHT="45" HPOS="667" ID="PAG_00000015_ST000127" VPOS="1297" WC="0.6112499833" WIDTH="166"/></TextLine>
</TextBlock>
</PrintSpace>
</Page>
</Layout>
</alto>