<?xml version="1.0" encoding="UTF-8"?><alto xmlns="http://www.loc.gov/standards/alto/ns-v3#" xmlns:xlink="http://www.w3.org/TR/xlink" xmlns:xsi="http://www.w3.org/2001/XMLSchema-instance" SCHEMAVERSION="alto_bnf-v2_0" xsi:schemaLocation="http://www.loc.gov/standards/alto/ns-v3# http://bibnum.bnf.fr/schema/alto_bnf-v2_0.xsd">
<Description><MeasurementUnit>pixel</MeasurementUnit><sourceImageInformation><fileName>00000010.tif</fileName><fileIdentifier>ark:/12148/bpt6k5628146t/f10</fileIdentifier><documentIdentifier documentIdentifierLocation="NUM">5628146</documentIdentifier></sourceImageInformation><OCRProcessing ID="OCR_1"><ocrProcessingStep><processingDateTime>2019-01-17</processingDateTime><processingStepDescription>[001_OCR_BRUT]OCR BRUT 78.69 %</processingStepDescription><processingStepDescription>[002_CHARS]{230}</processingStepDescription><processingStepDescription>[007_STRINGS]{46}</processingStepDescription><processingSoftware><softwareCreator>ABBYY</softwareCreator><softwareName>ABBYY FineReader Engine</softwareName><softwareVersion>11</softwareVersion></processingSoftware></ocrProcessingStep></OCRProcessing></Description>
<Styles>
</Styles>
<Layout>
<Page ACCURACY="78.69" HEIGHT="1629" ID="PAG_00000010" PHYSICAL_IMG_NR="10" QUALITY="OK" WIDTH="978">
<TopMargin HEIGHT="161" HPOS="0" ID="PAG_00000010_TopMargin" VPOS="0" WIDTH="978">
</TopMargin>
<LeftMargin HEIGHT="658" HPOS="0" ID="PAG_00000010_LeftMargin" VPOS="161" WIDTH="161">
</LeftMargin>
<RightMargin HEIGHT="658" HPOS="843" ID="PAG_00000010_RightMargin" VPOS="161" WIDTH="135">
</RightMargin>
<BottomMargin HEIGHT="810" HPOS="0" ID="PAG_00000010_BottomMargin" VPOS="819" WIDTH="978">
</BottomMargin>
<PrintSpace HEIGHT="658" HPOS="161" ID="PAG_00000010_PrintSpace" VPOS="161" WIDTH="682">
<TextBlock HEIGHT="658" HPOS="161" ID="PAG_00000010_TB000001" VPOS="161" WIDTH="682" language="fr">
<TextLine HEIGHT="51" HPOS="169" ID="PAG_00000010_TL000001" VPOS="167" WIDTH="666"><String CONTENT="les" HEIGHT="37" HPOS="169" ID="PAG_00000010_ST000001" VPOS="169" WC="0.5533333421" WIDTH="50"/><SP HPOS="220" ID="PAG_00000010_SP000001" VPOS="181" WIDTH="44"/><String CONTENT="notes" HEIGHT="32" HPOS="265" ID="PAG_00000010_ST000002" VPOS="174" WC="0.6719999909" WIDTH="100"/><SP HPOS="366" ID="PAG_00000010_SP000002" VPOS="181" WIDTH="42"/><String CONTENT="qu’elles" HEIGHT="51" HPOS="409" ID="PAG_00000010_ST000003" VPOS="167" WC="0.7975000143" WIDTH="145"/><SP HPOS="555" ID="PAG_00000010_SP000003" VPOS="181" WIDTH="10"/><String CONTENT="-" HEIGHT="9" HPOS="566" ID="PAG_00000010_ST000004" VPOS="188" WC="0.5600000024" WIDTH="15"/><SP HPOS="582" ID="PAG_00000010_SP000004" VPOS="181" WIDTH="11"/><String CONTENT="mêmes" HEIGHT="37" HPOS="594" ID="PAG_00000010_ST000005" VPOS="167" WC="0.8299999833" WIDTH="135"/><SP HPOS="730" ID="PAG_00000010_SP000005" VPOS="180" WIDTH="40"/><String CONTENT="ont" HEIGHT="30" HPOS="771" ID="PAG_00000010_ST000006" VPOS="174" WC="0.6233333349" WIDTH="64"/></TextLine>
<TextLine HEIGHT="50" HPOS="169" ID="PAG_00000010_TL000002" VPOS="243" WIDTH="666"><String CONTENT="fournies," HEIGHT="46" HPOS="169" ID="PAG_00000010_ST000007" VPOS="244" WC="0.7344444394" WIDTH="179"/><SP HPOS="349" ID="PAG_00000010_SP000006" VPOS="258" WIDTH="27"/><String CONTENT="et" HEIGHT="29" HPOS="377" ID="PAG_00000010_ST000008" VPOS="251" WC="0.9049999714" WIDTH="33"/><SP HPOS="411" ID="PAG_00000010_SP000007" VPOS="251" WIDTH="28"/><String CONTENT="en" HEIGHT="22" HPOS="440" ID="PAG_00000010_ST000009" VPOS="258" WC="1" WIDTH="44"/><SP HPOS="485" ID="PAG_00000010_SP000008" VPOS="258" WIDTH="22"/><String CONTENT="se" HEIGHT="23" HPOS="508" ID="PAG_00000010_ST000010" VPOS="258" WC="0.9549999833" WIDTH="37"/><SP HPOS="546" ID="PAG_00000010_SP000009" VPOS="257" WIDTH="28"/><String CONTENT="rappelant" HEIGHT="50" HPOS="575" ID="PAG_00000010_ST000011" VPOS="243" WC="0.6866666675" WIDTH="187"/><SP HPOS="763" ID="PAG_00000010_SP000010" VPOS="243" WIDTH="21"/><String CONTENT="les" HEIGHT="35" HPOS="785" ID="PAG_00000010_ST000012" VPOS="243" WC="0.7633333206" WIDTH="50"/></TextLine>
<TextLine HEIGHT="45" HPOS="168" ID="PAG_00000010_TL000003" VPOS="317" WIDTH="665"><String CONTENT="vertus" HEIGHT="29" HPOS="168" ID="PAG_00000010_ST000013" VPOS="325" WC="0.5383333564" WIDTH="118"/><SP HPOS="287" ID="PAG_00000010_SP000011" VPOS="317" WIDTH="22"/><String CONTENT="dont" HEIGHT="37" HPOS="310" ID="PAG_00000010_ST000014" VPOS="317" WC="0.5724999905" WIDTH="88"/><SP HPOS="399" ID="PAG_00000010_SP000012" VPOS="325" WIDTH="21"/><String CONTENT="elles" HEIGHT="36" HPOS="421" ID="PAG_00000010_ST000015" VPOS="318" WC="0.9440000057" WIDTH="82"/><SP HPOS="504" ID="PAG_00000010_SP000013" VPOS="318" WIDTH="17"/><String CONTENT="furent" HEIGHT="35" HPOS="522" ID="PAG_00000010_ST000016" VPOS="318" WC="0.6666666865" WIDTH="118"/><SP HPOS="641" ID="PAG_00000010_SP000014" VPOS="324" WIDTH="21"/><String CONTENT="témoins," HEIGHT="44" HPOS="663" ID="PAG_00000010_ST000017" VPOS="318" WC="0.7549999952" WIDTH="170"/></TextLine>
<TextLine HEIGHT="50" HPOS="168" ID="PAG_00000010_TL000004" VPOS="390" WIDTH="666"><String CONTENT="elles" HEIGHT="36" HPOS="168" ID="PAG_00000010_ST000018" VPOS="392" WC="0.8019999862" WIDTH="82"/><SP HPOS="251" ID="PAG_00000010_SP000015" VPOS="405" WIDTH="19"/><String CONTENT="aimeront" HEIGHT="35" HPOS="271" ID="PAG_00000010_ST000019" VPOS="393" WC="0.7174999714" WIDTH="174"/><SP HPOS="446" ID="PAG_00000010_SP000016" VPOS="391" WIDTH="18"/><String CONTENT="à" HEIGHT="36" HPOS="465" ID="PAG_00000010_ST000020" VPOS="391" WC="0.2700000107" WIDTH="19"/><SP HPOS="485" ID="PAG_00000010_SP000017" VPOS="391" WIDTH="11"/><String CONTENT="répéter" HEIGHT="48" HPOS="497" ID="PAG_00000010_ST000021" VPOS="392" WC="0.6342856884" WIDTH="137"/><SP HPOS="635" ID="PAG_00000010_SP000018" VPOS="404" WIDTH="14"/><String CONTENT="ces" HEIGHT="23" HPOS="650" ID="PAG_00000010_ST000022" VPOS="404" WC="1" WIDTH="57"/><SP HPOS="708" ID="PAG_00000010_SP000019" VPOS="390" WIDTH="15"/><String CONTENT="belles" HEIGHT="36" HPOS="724" ID="PAG_00000010_ST000023" VPOS="390" WC="0.8083333373" WIDTH="110"/></TextLine>
<TextLine HEIGHT="50" HPOS="169" ID="PAG_00000010_TL000005" VPOS="465" WIDTH="666"><String CONTENT="et" HEIGHT="29" HPOS="169" ID="PAG_00000010_ST000024" VPOS="473" WC="0.6650000215" WIDTH="34"/><SP HPOS="204" ID="PAG_00000010_SP000020" VPOS="473" WIDTH="23"/><String CONTENT="touchantes" HEIGHT="37" HPOS="228" ID="PAG_00000010_ST000025" VPOS="465" WC="0.8259999752" WIDTH="208"/><SP HPOS="437" ID="PAG_00000010_SP000021" VPOS="479" WIDTH="20"/><String CONTENT="paroles" HEIGHT="49" HPOS="458" ID="PAG_00000010_ST000026" VPOS="466" WC="1" WIDTH="139"/><SP HPOS="598" ID="PAG_00000010_SP000022" VPOS="465" WIDTH="18"/><String CONTENT="des" HEIGHT="37" HPOS="617" ID="PAG_00000010_ST000027" VPOS="465" WC="0.9900000095" WIDTH="61"/><SP HPOS="679" ID="PAG_00000010_SP000023" VPOS="478" WIDTH="23"/><String CONTENT="saintes" HEIGHT="35" HPOS="703" ID="PAG_00000010_ST000028" VPOS="466" WC="0.8142856956" WIDTH="132"/></TextLine>
<TextLine HEIGHT="50" HPOS="167" ID="PAG_00000010_TL000006" VPOS="541" WIDTH="670"><String CONTENT="Ecritures" HEIGHT="35" HPOS="167" ID="PAG_00000010_ST000029" VPOS="543" WC="0.7033333182" WIDTH="179"/><SP HPOS="347" ID="PAG_00000010_SP000024" VPOS="555" WIDTH="32"/><String CONTENT=":" HEIGHT="21" HPOS="380" ID="PAG_00000010_ST000030" VPOS="556" WC="1" WIDTH="8"/><SP HPOS="389" ID="PAG_00000010_SP000025" VPOS="544" WIDTH="31"/><String CONTENT="Oh" HEIGHT="37" HPOS="421" ID="PAG_00000010_ST000031" VPOS="541" WC="1" WIDTH="56"/><SP HPOS="478" ID="PAG_00000010_SP000026" VPOS="541" WIDTH="12"/><String CONTENT="!" HEIGHT="29" HPOS="491" ID="PAG_00000010_ST000032" VPOS="547" WC="0.3000000119" WIDTH="12"/><SP HPOS="504" ID="PAG_00000010_SP000027" VPOS="547" WIDTH="40"/><String CONTENT="que" HEIGHT="36" HPOS="545" ID="PAG_00000010_ST000033" VPOS="555" WC="1" WIDTH="69"/><SP HPOS="615" ID="PAG_00000010_SP000028" VPOS="545" WIDTH="42"/><String CONTENT="Dieu" HEIGHT="35" HPOS="658" ID="PAG_00000010_ST000034" VPOS="542" WC="0.8224999905" WIDTH="98"/><SP HPOS="757" ID="PAG_00000010_SP000029" VPOS="554" WIDTH="27"/><String CONTENT="est" HEIGHT="28" HPOS="785" ID="PAG_00000010_ST000035" VPOS="548" WC="0.8733333349" WIDTH="52"/></TextLine>
<TextLine HEIGHT="37" HPOS="168" ID="PAG_00000010_TL000007" VPOS="616" WIDTH="662"><String CONTENT="admirable" HEIGHT="36" HPOS="168" ID="PAG_00000010_ST000036" VPOS="616" WC="0.7799999714" WIDTH="205"/><SP HPOS="374" ID="PAG_00000010_SP000030" VPOS="616" WIDTH="29"/><String CONTENT="dans" HEIGHT="36" HPOS="404" ID="PAG_00000010_ST000037" VPOS="616" WC="0.8475000262" WIDTH="93"/><SP HPOS="498" ID="PAG_00000010_SP000031" VPOS="630" WIDTH="31"/><String CONTENT="ses" HEIGHT="22" HPOS="530" ID="PAG_00000010_ST000038" VPOS="630" WC="0.6666666865" WIDTH="55"/><SP HPOS="586" ID="PAG_00000010_SP000032" VPOS="619" WIDTH="34"/><String CONTENT="Saints!...." HEIGHT="37" HPOS="621" ID="PAG_00000010_ST000039" VPOS="616" WC="0.8190909028" WIDTH="209"/></TextLine>
<TextLine HEIGHT="50" HPOS="167" ID="PAG_00000010_TL000008" VPOS="690" WIDTH="669"><String CONTENT="Bienheureux" HEIGHT="35" HPOS="167" ID="PAG_00000010_ST000040" VPOS="690" WC="0.8054545522" WIDTH="258"/><SP HPOS="426" ID="PAG_00000010_SP000033" VPOS="703" WIDTH="31"/><String CONTENT="ceux" HEIGHT="22" HPOS="458" ID="PAG_00000010_ST000041" VPOS="703" WC="0.8224999905" WIDTH="93"/><SP HPOS="552" ID="PAG_00000010_SP000034" VPOS="703" WIDTH="28"/><String CONTENT="qui" HEIGHT="49" HPOS="581" ID="PAG_00000010_ST000042" VPOS="691" WC="0.9766666889" WIDTH="65"/><SP HPOS="647" ID="PAG_00000010_SP000035" VPOS="691" WIDTH="24"/><String CONTENT="meurent" HEIGHT="29" HPOS="672" ID="PAG_00000010_ST000043" VPOS="697" WC="0.8700000048" WIDTH="164"/></TextLine>
<TextLine HEIGHT="48" HPOS="168" ID="PAG_00000010_TL000009" VPOS="764" WIDTH="389"><String CONTENT="dans" HEIGHT="36" HPOS="168" ID="PAG_00000010_ST000044" VPOS="764" WC="1" WIDTH="93"/><SP HPOS="262" ID="PAG_00000010_SP000036" VPOS="764" WIDTH="28"/><String CONTENT="le" HEIGHT="36" HPOS="291" ID="PAG_00000010_ST000045" VPOS="764" WC="1" WIDTH="32"/><SP HPOS="324" ID="PAG_00000010_SP000037" VPOS="767" WIDTH="27"/><String CONTENT="Seigneur!" HEIGHT="47" HPOS="352" ID="PAG_00000010_ST000046" VPOS="765" WC="0.8277778029" WIDTH="205"/></TextLine>
</TextBlock><GraphicalElement HEIGHT="9" HPOS="752" ID="PAG_00000010_GE000001" VPOS="642" WIDTH="78"/>
</PrintSpace>
</Page>
</Layout>
</alto>