<?xml version="1.0" encoding="UTF-8"?><alto xmlns="http://www.loc.gov/standards/alto/ns-v3#" xmlns:xlink="http://www.w3.org/TR/xlink" xmlns:xsi="http://www.w3.org/2001/XMLSchema-instance" SCHEMAVERSION="alto_bnf-v2_0" xsi:schemaLocation="http://www.loc.gov/standards/alto/ns-v3# http://bibnum.bnf.fr/schema/alto_bnf-v2_0.xsd">
<Description><MeasurementUnit>pixel</MeasurementUnit><sourceImageInformation><fileName>00000020.tif</fileName><fileIdentifier>ark:/12148/bpt6k5628146t/f20</fileIdentifier><documentIdentifier documentIdentifierLocation="NUM">5628146</documentIdentifier></sourceImageInformation><OCRProcessing ID="OCR_1"><ocrProcessingStep><processingDateTime>2019-01-17</processingDateTime><processingStepDescription>[001_OCR_BRUT]OCR BRUT 75.22 %</processingStepDescription><processingStepDescription>[002_CHARS]{539}</processingStepDescription><processingStepDescription>[007_STRINGS]{114}</processingStepDescription><processingSoftware><softwareCreator>ABBYY</softwareCreator><softwareName>ABBYY FineReader Engine</softwareName><softwareVersion>11</softwareVersion></processingSoftware></ocrProcessingStep></OCRProcessing></Description>
<Styles>
</Styles>
<Layout>
<Page ACCURACY="75.22" HEIGHT="1624" ID="PAG_00000020" PHYSICAL_IMG_NR="20" QUALITY="OK" WIDTH="968">
<TopMargin HEIGHT="133" HPOS="0" ID="PAG_00000020_TopMargin" VPOS="0" WIDTH="968">
</TopMargin>
<LeftMargin HEIGHT="1201" HPOS="0" ID="PAG_00000020_LeftMargin" VPOS="133" WIDTH="129">
</LeftMargin>
<RightMargin HEIGHT="1201" HPOS="816" ID="PAG_00000020_RightMargin" VPOS="133" WIDTH="152">
</RightMargin>
<BottomMargin HEIGHT="290" HPOS="0" ID="PAG_00000020_BottomMargin" VPOS="1334" WIDTH="968">
<TextBlock HEIGHT="29" HPOS="618" ID="PAG_00000020_TB000001" VPOS="1359" WIDTH="28" language="fr">
<TextLine HEIGHT="18" HPOS="624" ID="PAG_00000020_TL000001" VPOS="1365" WIDTH="16"><String CONTENT="a" HEIGHT="18" HPOS="624" ID="PAG_00000020_ST000001" VPOS="1365" WC="0.2700000107" WIDTH="16"/></TextLine>
</TextBlock><GraphicalElement HEIGHT="5" HPOS="528" ID="PAG_00000020_GE000001" VPOS="1619" WIDTH="440"/>
</BottomMargin>
<PrintSpace HEIGHT="1201" HPOS="129" ID="PAG_00000020_PrintSpace" VPOS="133" WIDTH="687">
<TextBlock HEIGHT="44" HPOS="438" ID="PAG_00000020_TB000002" VPOS="133" WIDTH="63" language="fr">
<TextLine HEIGHT="32" HPOS="444" ID="PAG_00000020_TL000002" VPOS="139" WIDTH="48"><String CONTENT="17" HEIGHT="32" HPOS="444" ID="PAG_00000020_ST000002" VPOS="139" WC="0.2899999917" WIDTH="48"/></TextLine>
</TextBlock>
<TextBlock HEIGHT="1129" HPOS="129" ID="PAG_00000020_TB000003" VPOS="205" WIDTH="687" language="fr">
<TextLine HEIGHT="44" HPOS="136" ID="PAG_00000020_TL000003" VPOS="212" WIDTH="666"><String CONTENT="ses" HEIGHT="22" HPOS="136" ID="PAG_00000020_ST000003" VPOS="223" WC="0.9733333588" WIDTH="48"/><SP HPOS="185" ID="PAG_00000020_SP000001" VPOS="223" WIDTH="18"/><String CONTENT="compagnes" HEIGHT="34" HPOS="204" ID="PAG_00000020_ST000004" VPOS="222" WC="0.4366666675" WIDTH="194"/><SP HPOS="399" ID="PAG_00000020_SP000002" VPOS="213" WIDTH="16"/><String CONTENT="lui" HEIGHT="32" HPOS="416" ID="PAG_00000020_ST000005" VPOS="212" WC="0.5666666627" WIDTH="49"/><SP HPOS="466" ID="PAG_00000020_SP000003" VPOS="212" WIDTH="15"/><String CONTENT="ayant" HEIGHT="37" HPOS="482" ID="PAG_00000020_ST000006" VPOS="217" WC="0.5199999809" WIDTH="98"/><SP HPOS="581" ID="PAG_00000020_SP000004" VPOS="212" WIDTH="14"/><String CONTENT="dit" HEIGHT="32" HPOS="596" ID="PAG_00000020_ST000007" VPOS="212" WC="0.6299999952" WIDTH="47"/><SP HPOS="644" ID="PAG_00000020_SP000005" VPOS="217" WIDTH="15"/><String CONTENT="quelque" HEIGHT="42" HPOS="660" ID="PAG_00000020_ST000008" VPOS="212" WC="0.5071428418" WIDTH="142"/></TextLine>
<TextLine HEIGHT="44" HPOS="138" ID="PAG_00000020_TL000004" VPOS="269" WIDTH="663"><String CONTENT="chose" HEIGHT="31" HPOS="138" ID="PAG_00000020_ST000009" VPOS="272" WC="0.7960000038" WIDTH="95"/><SP HPOS="234" ID="PAG_00000020_SP000006" VPOS="271" WIDTH="20"/><String CONTENT="de" HEIGHT="31" HPOS="255" ID="PAG_00000020_ST000010" VPOS="271" WC="0.8249999881" WIDTH="38"/><SP HPOS="294" ID="PAG_00000020_SP000007" VPOS="272" WIDTH="26"/><String CONTENT="désobligeant," HEIGHT="42" HPOS="321" ID="PAG_00000020_ST000011" VPOS="271" WC="0.6538461447" WIDTH="239"/><SP HPOS="561" ID="PAG_00000020_SP000008" VPOS="282" WIDTH="24"/><String CONTENT="aussitôt" HEIGHT="33" HPOS="586" ID="PAG_00000020_ST000012" VPOS="269" WC="0.6987500191" WIDTH="137"/><SP HPOS="724" ID="PAG_00000020_SP000009" VPOS="276" WIDTH="15"/><String CONTENT="elle" HEIGHT="32" HPOS="740" ID="PAG_00000020_ST000013" VPOS="272" WC="0.7950000167" WIDTH="61"/></TextLine>
<TextLine HEIGHT="43" HPOS="136" ID="PAG_00000020_TL000005" VPOS="328" WIDTH="670"><String CONTENT="leva" HEIGHT="31" HPOS="136" ID="PAG_00000020_ST000014" VPOS="329" WC="0.8125" WIDTH="71"/><SP HPOS="208" ID="PAG_00000020_SP000010" VPOS="329" WIDTH="19"/><String CONTENT="la" HEIGHT="30" HPOS="228" ID="PAG_00000020_ST000015" VPOS="329" WC="1" WIDTH="32"/><SP HPOS="261" ID="PAG_00000020_SP000011" VPOS="339" WIDTH="15"/><String CONTENT="main" HEIGHT="29" HPOS="277" ID="PAG_00000020_ST000016" VPOS="330" WC="0.8174999952" WIDTH="90"/><SP HPOS="368" ID="PAG_00000020_SP000012" VPOS="340" WIDTH="20"/><String CONTENT="pour" HEIGHT="32" HPOS="389" ID="PAG_00000020_ST000017" VPOS="339" WC="0.5124999881" WIDTH="85"/><SP HPOS="475" ID="PAG_00000020_SP000013" VPOS="330" WIDTH="22"/><String CONTENT="la" HEIGHT="30" HPOS="498" ID="PAG_00000020_ST000018" VPOS="330" WC="1" WIDTH="32"/><SP HPOS="531" ID="PAG_00000020_SP000014" VPOS="328" WIDTH="18"/><String CONTENT="frapper" HEIGHT="42" HPOS="550" ID="PAG_00000020_ST000019" VPOS="328" WC="0.637142837" WIDTH="129"/><SP HPOS="680" ID="PAG_00000020_SP000015" VPOS="339" WIDTH="13"/><String CONTENT=";" HEIGHT="26" HPOS="694" ID="PAG_00000020_ST000020" VPOS="342" WC="0.2700000107" WIDTH="9"/><SP HPOS="704" ID="PAG_00000020_SP000016" VPOS="339" WIDTH="18"/><String CONTENT="mais" HEIGHT="30" HPOS="723" ID="PAG_00000020_ST000021" VPOS="329" WC="0.4575000107" WIDTH="83"/></TextLine>
<TextLine HEIGHT="39" HPOS="136" ID="PAG_00000020_TL000006" VPOS="386" WIDTH="670"><String CONTENT="rentrant" HEIGHT="26" HPOS="136" ID="PAG_00000020_ST000022" VPOS="393" WC="0.7887499928" WIDTH="148"/><SP HPOS="285" ID="PAG_00000020_SP000017" VPOS="393" WIDTH="16"/><String CONTENT="aussitôt" HEIGHT="32" HPOS="302" ID="PAG_00000020_ST000023" VPOS="386" WC="0.7687500119" WIDTH="135"/><SP HPOS="438" ID="PAG_00000020_SP000018" VPOS="393" WIDTH="13"/><String CONTENT="en" HEIGHT="20" HPOS="452" ID="PAG_00000020_ST000024" VPOS="399" WC="0.625" WIDTH="41"/><SP HPOS="494" ID="PAG_00000020_SP000019" VPOS="399" WIDTH="18"/><String CONTENT="elle-même," HEIGHT="39" HPOS="513" ID="PAG_00000020_ST000025" VPOS="386" WC="0.7699999809" WIDTH="205"/><SP HPOS="719" ID="PAG_00000020_SP000020" VPOS="397" WIDTH="26"/><String CONTENT="elle" HEIGHT="30" HPOS="746" ID="PAG_00000020_ST000026" VPOS="388" WC="0.8625000119" WIDTH="60"/></TextLine>
<TextLine HEIGHT="35" HPOS="137" ID="PAG_00000020_TL000007" VPOS="445" WIDTH="667"><String CONTENT="baissa" HEIGHT="31" HPOS="137" ID="PAG_00000020_ST000027" VPOS="445" WC="0.7383333445" WIDTH="105"/><SP HPOS="243" ID="PAG_00000020_SP000021" VPOS="447" WIDTH="33"/><String CONTENT="la" HEIGHT="28" HPOS="277" ID="PAG_00000020_ST000028" VPOS="447" WC="1" WIDTH="32"/><SP HPOS="310" ID="PAG_00000020_SP000022" VPOS="455" WIDTH="40"/><String CONTENT="main" HEIGHT="29" HPOS="351" ID="PAG_00000020_ST000029" VPOS="446" WC="0.6899999976" WIDTH="91"/><SP HPOS="443" ID="PAG_00000020_SP000023" VPOS="450" WIDTH="36"/><String CONTENT="tout" HEIGHT="26" HPOS="480" ID="PAG_00000020_ST000030" VPOS="450" WC="0.7850000262" WIDTH="74"/><SP HPOS="555" ID="PAG_00000020_SP000024" VPOS="445" WIDTH="34"/><String CONTENT="doucement" HEIGHT="33" HPOS="590" ID="PAG_00000020_ST000031" VPOS="445" WC="0.7466666698" WIDTH="195"/><SP HPOS="786" ID="PAG_00000020_SP000025" VPOS="450" WIDTH="8"/><String CONTENT=";" HEIGHT="22" HPOS="795" ID="PAG_00000020_ST000032" VPOS="458" WC="0.3300000131" WIDTH="9"/></TextLine>
<TextLine HEIGHT="44" HPOS="136" ID="PAG_00000020_TL000008" VPOS="501" WIDTH="670"><String CONTENT="puis," HEIGHT="42" HPOS="136" ID="PAG_00000020_ST000033" VPOS="502" WC="0.4600000083" WIDTH="89"/><SP HPOS="226" ID="PAG_00000020_SP000026" VPOS="513" WIDTH="16"/><String CONTENT="racontant" HEIGHT="26" HPOS="243" ID="PAG_00000020_ST000034" VPOS="507" WC="0.8377777934" WIDTH="173"/><SP HPOS="417" ID="PAG_00000020_SP000027" VPOS="507" WIDTH="20"/><String CONTENT="ce" HEIGHT="20" HPOS="438" ID="PAG_00000020_ST000035" VPOS="513" WC="1" WIDTH="36"/><SP HPOS="475" ID="PAG_00000020_SP000028" VPOS="513" WIDTH="17"/><String CONTENT="petit" HEIGHT="42" HPOS="493" ID="PAG_00000020_ST000036" VPOS="503" WC="0.8320000172" WIDTH="83"/><SP HPOS="577" ID="PAG_00000020_SP000029" VPOS="507" WIDTH="21"/><String CONTENT="trait" HEIGHT="31" HPOS="599" ID="PAG_00000020_ST000037" VPOS="503" WC="0.8859999776" WIDTH="78"/><SP HPOS="678" ID="PAG_00000020_SP000030" VPOS="501" WIDTH="21"/><String CONTENT="à" HEIGHT="32" HPOS="700" ID="PAG_00000020_ST000038" VPOS="501" WC="0.2199999988" WIDTH="20"/><SP HPOS="721" ID="PAG_00000020_SP000031" VPOS="501" WIDTH="19"/><String CONTENT="une" HEIGHT="21" HPOS="741" ID="PAG_00000020_ST000039" VPOS="513" WC="0.5466666818" WIDTH="65"/></TextLine>
<TextLine HEIGHT="41" HPOS="138" ID="PAG_00000020_TL000009" VPOS="560" WIDTH="663"><String CONTENT="de" HEIGHT="32" HPOS="138" ID="PAG_00000020_ST000040" VPOS="560" WC="0.5400000215" WIDTH="39"/><SP HPOS="178" ID="PAG_00000020_SP000032" VPOS="571" WIDTH="23"/><String CONTENT="ses" HEIGHT="20" HPOS="202" ID="PAG_00000020_ST000041" VPOS="571" WC="0.8600000143" WIDTH="48"/><SP HPOS="251" ID="PAG_00000020_SP000033" VPOS="571" WIDTH="20"/><String CONTENT="amies," HEIGHT="38" HPOS="272" ID="PAG_00000020_ST000042" VPOS="561" WC="0.9133333564" WIDTH="119"/><SP HPOS="392" ID="PAG_00000020_SP000034" VPOS="571" WIDTH="26"/><String CONTENT="elle" HEIGHT="31" HPOS="419" ID="PAG_00000020_ST000043" VPOS="561" WC="0.7300000191" WIDTH="59"/><SP HPOS="479" ID="PAG_00000020_SP000035" VPOS="561" WIDTH="23"/><String CONTENT="lui" HEIGHT="30" HPOS="503" ID="PAG_00000020_ST000044" VPOS="561" WC="0.5833333135" WIDTH="48"/><SP HPOS="552" ID="PAG_00000020_SP000036" VPOS="561" WIDTH="19"/><String CONTENT="dit" HEIGHT="31" HPOS="572" ID="PAG_00000020_ST000045" VPOS="561" WC="0.6999999881" WIDTH="48"/><SP HPOS="621" ID="PAG_00000020_SP000037" VPOS="565" WIDTH="19"/><String CONTENT=":" HEIGHT="17" HPOS="641" ID="PAG_00000020_ST000046" VPOS="573" WC="0.9599999785" WIDTH="7"/><SP HPOS="649" ID="PAG_00000020_SP000038" VPOS="560" WIDTH="21"/><String CONTENT="Yoyez," HEIGHT="41" HPOS="671" ID="PAG_00000020_ST000047" VPOS="560" WC="0.5766666532" WIDTH="130"/></TextLine>
<TextLine HEIGHT="44" HPOS="138" ID="PAG_00000020_TL000010" VPOS="616" WIDTH="663"><String CONTENT="Pauline," HEIGHT="40" HPOS="138" ID="PAG_00000020_ST000048" VPOS="617" WC="0.7637500167" WIDTH="154"/><SP HPOS="293" ID="PAG_00000020_SP000039" VPOS="628" WIDTH="22"/><String CONTENT="comme" HEIGHT="24" HPOS="316" ID="PAG_00000020_ST000049" VPOS="627" WC="0.824000001" WIDTH="127"/><SP HPOS="444" ID="PAG_00000020_SP000040" VPOS="619" WIDTH="18"/><String CONTENT="je" HEIGHT="41" HPOS="463" ID="PAG_00000020_ST000050" VPOS="619" WC="1" WIDTH="33"/><SP HPOS="497" ID="PAG_00000020_SP000041" VPOS="629" WIDTH="16"/><String CONTENT="suis" HEIGHT="31" HPOS="514" ID="PAG_00000020_ST000051" VPOS="618" WC="0.6125000119" WIDTH="65"/><SP HPOS="580" ID="PAG_00000020_SP000042" VPOS="628" WIDTH="25"/><String CONTENT="méchante!" HEIGHT="32" HPOS="606" ID="PAG_00000020_ST000052" VPOS="616" WC="0.6122221947" WIDTH="195"/></TextLine>
<TextLine HEIGHT="43" HPOS="182" ID="PAG_00000020_TL000011" VPOS="763" WIDTH="624"><String CONTENT="Elle" HEIGHT="31" HPOS="182" ID="PAG_00000020_ST000053" VPOS="765" WC="0.8725000024" WIDTH="66"/><SP HPOS="249" ID="PAG_00000020_SP000043" VPOS="764" WIDTH="22"/><String CONTENT="faisait" HEIGHT="32" HPOS="272" ID="PAG_00000020_ST000054" VPOS="764" WC="0.7599999905" WIDTH="105"/><SP HPOS="378" ID="PAG_00000020_SP000044" VPOS="769" WIDTH="19"/><String CONTENT="tout" HEIGHT="27" HPOS="398" ID="PAG_00000020_ST000055" VPOS="769" WC="0.9325000048" WIDTH="74"/><SP HPOS="473" ID="PAG_00000020_SP000045" VPOS="770" WIDTH="19"/><String CONTENT="ce" HEIGHT="21" HPOS="493" ID="PAG_00000020_ST000056" VPOS="776" WC="1" WIDTH="35"/><SP HPOS="529" ID="PAG_00000020_SP000046" VPOS="775" WIDTH="22"/><String CONTENT="qui" HEIGHT="41" HPOS="552" ID="PAG_00000020_ST000057" VPOS="765" WC="0.6933333278" WIDTH="57"/><SP HPOS="610" ID="PAG_00000020_SP000047" VPOS="765" WIDTH="22"/><String CONTENT="dépendait" HEIGHT="43" HPOS="633" ID="PAG_00000020_ST000058" VPOS="763" WC="0.777777791" WIDTH="173"/></TextLine>
<TextLine HEIGHT="42" HPOS="139" ID="PAG_00000020_TL000012" VPOS="822" WIDTH="667"><String CONTENT="d’elle" HEIGHT="31" HPOS="139" ID="PAG_00000020_ST000059" VPOS="822" WC="0.8066666722" WIDTH="91"/><SP HPOS="231" ID="PAG_00000020_SP000048" VPOS="834" WIDTH="27"/><String CONTENT="pour" HEIGHT="31" HPOS="259" ID="PAG_00000020_ST000060" VPOS="833" WC="0.6225000024" WIDTH="85"/><SP HPOS="345" ID="PAG_00000020_SP000049" VPOS="834" WIDTH="28"/><String CONTENT="contenter" HEIGHT="26" HPOS="374" ID="PAG_00000020_ST000061" VPOS="828" WC="0.7488889098" WIDTH="172"/><SP HPOS="547" ID="PAG_00000020_SP000050" VPOS="833" WIDTH="40"/><String CONTENT="ses" HEIGHT="20" HPOS="588" ID="PAG_00000020_ST000062" VPOS="833" WC="1" WIDTH="48"/><SP HPOS="637" ID="PAG_00000020_SP000051" VPOS="833" WIDTH="33"/><String CONTENT="compa" HEIGHT="31" HPOS="671" ID="PAG_00000020_ST000063" SUBS_CONTENT="compagnes" SUBS_TYPE="HypPart1" VPOS="832" WC="0.8019999862" WIDTH="117"/><HYP CONTENT="­"/></TextLine>
<TextLine HEIGHT="42" HPOS="138" ID="PAG_00000020_TL000013" VPOS="880" WIDTH="669"><String CONTENT="gnes" HEIGHT="31" HPOS="138" ID="PAG_00000020_ST000064" SUBS_CONTENT="compagnes" SUBS_TYPE="HypPart2" VPOS="890" WC="0.6750000119" WIDTH="76"/><SP HPOS="215" ID="PAG_00000020_SP000052" VPOS="891" WIDTH="28"/><String CONTENT="et" HEIGHT="26" HPOS="244" ID="PAG_00000020_ST000065" VPOS="885" WC="0.9100000262" WIDTH="32"/><SP HPOS="277" ID="PAG_00000020_SP000053" VPOS="881" WIDTH="30"/><String CONTENT="leur" HEIGHT="30" HPOS="308" ID="PAG_00000020_ST000066" VPOS="881" WC="0.8849999905" WIDTH="71"/><SP HPOS="380" ID="PAG_00000020_SP000054" VPOS="880" WIDTH="35"/><String CONTENT="faire" HEIGHT="31" HPOS="416" ID="PAG_00000020_ST000067" VPOS="880" WC="0.9580000043" WIDTH="80"/><SP HPOS="497" ID="PAG_00000020_SP000055" VPOS="891" WIDTH="23"/><String CONTENT="plaisir" HEIGHT="42" HPOS="521" ID="PAG_00000020_ST000068" VPOS="880" WC="0.7928571701" WIDTH="111"/><SP HPOS="633" ID="PAG_00000020_SP000056" VPOS="890" WIDTH="10"/><String CONTENT=";" HEIGHT="27" HPOS="644" ID="PAG_00000020_ST000069" VPOS="892" WC="0.2800000012" WIDTH="9"/><SP HPOS="654" ID="PAG_00000020_SP000057" VPOS="890" WIDTH="29"/><String CONTENT="elle" HEIGHT="30" HPOS="684" ID="PAG_00000020_ST000070" VPOS="880" WC="0.8299999833" WIDTH="60"/><SP HPOS="745" ID="PAG_00000020_SP000058" VPOS="890" WIDTH="28"/><String CONTENT="se" HEIGHT="20" HPOS="774" ID="PAG_00000020_ST000071" VPOS="890" WC="1" WIDTH="33"/></TextLine>
<TextLine HEIGHT="43" HPOS="135" ID="PAG_00000020_TL000014" VPOS="936" WIDTH="672"><String CONTENT="prêtait" HEIGHT="42" HPOS="135" ID="PAG_00000020_ST000072" VPOS="937" WC="0.8314285874" WIDTH="119"/><SP HPOS="255" ID="PAG_00000020_SP000059" VPOS="943" WIDTH="19"/><String CONTENT="volontiers" HEIGHT="31" HPOS="275" ID="PAG_00000020_ST000073" VPOS="939" WC="0.8339999914" WIDTH="176"/><SP HPOS="452" ID="PAG_00000020_SP000060" VPOS="938" WIDTH="29"/><String CONTENT="à" HEIGHT="31" HPOS="482" ID="PAG_00000020_ST000074" VPOS="938" WC="0.2099999934" WIDTH="19"/><SP HPOS="502" ID="PAG_00000020_SP000061" VPOS="938" WIDTH="19"/><String CONTENT="tout" HEIGHT="27" HPOS="522" ID="PAG_00000020_ST000075" VPOS="943" WC="0.7174999714" WIDTH="74"/><SP HPOS="597" ID="PAG_00000020_SP000062" VPOS="943" WIDTH="19"/><String CONTENT="ce" HEIGHT="20" HPOS="617" ID="PAG_00000020_ST000076" VPOS="949" WC="1" WIDTH="36"/><SP HPOS="654" ID="PAG_00000020_SP000063" VPOS="948" WIDTH="21"/><String CONTENT="qu’elles" HEIGHT="43" HPOS="676" ID="PAG_00000020_ST000077" VPOS="936" WC="0.8137500286" WIDTH="131"/></TextLine>
<TextLine HEIGHT="42" HPOS="136" ID="PAG_00000020_TL000015" VPOS="994" WIDTH="670"><String CONTENT="exigeaient" HEIGHT="41" HPOS="136" ID="PAG_00000020_ST000078" VPOS="995" WC="0.7020000219" WIDTH="179"/><SP HPOS="316" ID="PAG_00000020_SP000064" VPOS="995" WIDTH="36"/><String CONTENT="d’elle," HEIGHT="39" HPOS="353" ID="PAG_00000020_ST000079" VPOS="994" WC="0.824285686" WIDTH="115"/><SP HPOS="469" ID="PAG_00000020_SP000065" VPOS="995" WIDTH="40"/><String CONTENT="les" HEIGHT="30" HPOS="510" ID="PAG_00000020_ST000080" VPOS="995" WC="0.9733333588" WIDTH="46"/><SP HPOS="557" ID="PAG_00000020_SP000066" VPOS="1005" WIDTH="34"/><String CONTENT="aidait" HEIGHT="29" HPOS="592" ID="PAG_00000020_ST000081" VPOS="995" WC="0.9183333516" WIDTH="98"/><SP HPOS="691" ID="PAG_00000020_SP000067" VPOS="994" WIDTH="32"/><String CONTENT="dans" HEIGHT="30" HPOS="724" ID="PAG_00000020_ST000082" VPOS="994" WC="0.7774999738" WIDTH="82"/></TextLine>
<TextLine HEIGHT="45" HPOS="135" ID="PAG_00000020_TL000016" VPOS="1050" WIDTH="666"><String CONTENT="leurs" HEIGHT="31" HPOS="135" ID="PAG_00000020_ST000083" VPOS="1053" WC="0.7799999714" WIDTH="87"/><SP HPOS="223" ID="PAG_00000020_SP000068" VPOS="1063" WIDTH="19"/><String CONTENT="petits" HEIGHT="42" HPOS="243" ID="PAG_00000020_ST000084" VPOS="1053" WC="0.9833333492" WIDTH="98"/><SP HPOS="342" ID="PAG_00000020_SP000069" VPOS="1062" WIDTH="14"/><String CONTENT="ouvrages" HEIGHT="32" HPOS="357" ID="PAG_00000020_ST000085" VPOS="1062" WC="0.7524999976" WIDTH="154"/><SP HPOS="512" ID="PAG_00000020_SP000070" VPOS="1063" WIDTH="14"/><String CONTENT="avec" HEIGHT="21" HPOS="527" ID="PAG_00000020_ST000086" VPOS="1062" WC="0.8525000215" WIDTH="75"/><SP HPOS="603" ID="PAG_00000020_SP000071" VPOS="1062" WIDTH="14"/><String CONTENT="une" HEIGHT="20" HPOS="618" ID="PAG_00000020_ST000087" VPOS="1062" WC="0.7566666603" WIDTH="65"/><SP HPOS="684" ID="PAG_00000020_SP000072" VPOS="1062" WIDTH="22"/><String CONTENT="grâce" HEIGHT="43" HPOS="707" ID="PAG_00000020_ST000088" VPOS="1050" WC="0.7839999795" WIDTH="94"/></TextLine>
<TextLine HEIGHT="44" HPOS="139" ID="PAG_00000020_TL000017" VPOS="1109" WIDTH="670"><String CONTENT="qui" HEIGHT="41" HPOS="139" ID="PAG_00000020_ST000089" VPOS="1112" WC="0.7866666913" WIDTH="58"/><SP HPOS="198" ID="PAG_00000020_SP000073" VPOS="1112" WIDTH="27"/><String CONTENT="ne" HEIGHT="20" HPOS="226" ID="PAG_00000020_ST000090" VPOS="1121" WC="0.6449999809" WIDTH="42"/><SP HPOS="269" ID="PAG_00000020_SP000074" VPOS="1111" WIDTH="33"/><String CONTENT="laissait" HEIGHT="30" HPOS="303" ID="PAG_00000020_ST000091" VPOS="1111" WC="0.8475000262" WIDTH="121"/><SP HPOS="425" ID="PAG_00000020_SP000075" VPOS="1115" WIDTH="35"/><String CONTENT="apercevoir" HEIGHT="42" HPOS="461" ID="PAG_00000020_ST000092" VPOS="1110" WC="0.9319999814" WIDTH="186"/><SP HPOS="648" ID="PAG_00000020_SP000076" VPOS="1119" WIDTH="25"/><String CONTENT="que" HEIGHT="31" HPOS="674" ID="PAG_00000020_ST000093" VPOS="1119" WC="0.7599999905" WIDTH="66"/><SP HPOS="741" ID="PAG_00000020_SP000077" VPOS="1109" WIDTH="22"/><String CONTENT="du" HEIGHT="31" HPOS="764" ID="PAG_00000020_ST000094" VPOS="1109" WC="1" WIDTH="45"/></TextLine>
<TextLine HEIGHT="47" HPOS="138" ID="PAG_00000020_TL000018" VPOS="1165" WIDTH="670"><String CONTENT="plaisir" HEIGHT="43" HPOS="138" ID="PAG_00000020_ST000095" VPOS="1169" WC="0.8528571725" WIDTH="111"/><SP HPOS="250" ID="PAG_00000020_SP000078" VPOS="1168" WIDTH="23"/><String CONTENT="dans" HEIGHT="32" HPOS="274" ID="PAG_00000020_ST000096" VPOS="1168" WC="0.8249999881" WIDTH="81"/><SP HPOS="356" ID="PAG_00000020_SP000079" VPOS="1173" WIDTH="18"/><String CONTENT="tous" HEIGHT="26" HPOS="375" ID="PAG_00000020_ST000097" VPOS="1173" WC="0.7225000262" WIDTH="74"/><SP HPOS="450" ID="PAG_00000020_SP000080" VPOS="1169" WIDTH="19"/><String CONTENT="les" HEIGHT="30" HPOS="470" ID="PAG_00000020_ST000098" VPOS="1169" WC="0.7266666889" WIDTH="46"/><SP HPOS="517" ID="PAG_00000020_SP000081" VPOS="1178" WIDTH="21"/><String CONTENT="services" HEIGHT="32" HPOS="539" ID="PAG_00000020_ST000099" VPOS="1167" WC="0.9925000072" WIDTH="136"/><SP HPOS="676" ID="PAG_00000020_SP000082" VPOS="1177" WIDTH="15"/><String CONTENT="qu’elle" HEIGHT="43" HPOS="692" ID="PAG_00000020_ST000100" VPOS="1165" WC="0.8228571415" WIDTH="116"/></TextLine>
<TextLine HEIGHT="42" HPOS="137" ID="PAG_00000020_TL000019" VPOS="1224" WIDTH="672"><String CONTENT="leur" HEIGHT="30" HPOS="137" ID="PAG_00000020_ST000101" VPOS="1228" WC="1" WIDTH="71"/><SP HPOS="209" ID="PAG_00000020_SP000083" VPOS="1237" WIDTH="8"/><String CONTENT="rendait" HEIGHT="31" HPOS="218" ID="PAG_00000020_ST000102" VPOS="1226" WC="0.7728571296" WIDTH="127"/><SP HPOS="346" ID="PAG_00000020_SP000084" VPOS="1231" WIDTH="13"/><String CONTENT=";" HEIGHT="27" HPOS="360" ID="PAG_00000020_ST000103" VPOS="1239" WC="0.2700000107" WIDTH="9"/><SP HPOS="370" ID="PAG_00000020_SP000085" VPOS="1237" WIDTH="17"/><String CONTENT="elle" HEIGHT="30" HPOS="388" ID="PAG_00000020_ST000104" VPOS="1227" WC="0.7450000048" WIDTH="59"/><SP HPOS="448" ID="PAG_00000020_SP000086" VPOS="1224" WIDTH="24"/><String CONTENT="était" HEIGHT="32" HPOS="473" ID="PAG_00000020_ST000105" VPOS="1224" WC="0.824000001" WIDTH="77"/><SP HPOS="551" ID="PAG_00000020_SP000087" VPOS="1225" WIDTH="14"/><String CONTENT="de" HEIGHT="31" HPOS="566" ID="PAG_00000020_ST000106" VPOS="1225" WC="0.6700000167" WIDTH="38"/><SP HPOS="605" ID="PAG_00000020_SP000088" VPOS="1229" WIDTH="22"/><String CONTENT="tous" HEIGHT="26" HPOS="628" ID="PAG_00000020_ST000107" VPOS="1229" WC="0.8374999762" WIDTH="73"/><SP HPOS="702" ID="PAG_00000020_SP000089" VPOS="1225" WIDTH="20"/><String CONTENT="leurs" HEIGHT="30" HPOS="723" ID="PAG_00000020_ST000108" VPOS="1225" WC="1" WIDTH="86"/></TextLine>
<TextLine HEIGHT="48" HPOS="138" ID="PAG_00000020_TL000020" VPOS="1280" WIDTH="669"><String CONTENT="jeux" HEIGHT="44" HPOS="138" ID="PAG_00000020_ST000109" VPOS="1284" WC="0.7850000262" WIDTH="80"/><SP HPOS="219" ID="PAG_00000020_SP000090" VPOS="1293" WIDTH="24"/><String CONTENT="et" HEIGHT="26" HPOS="244" ID="PAG_00000020_ST000110" VPOS="1289" WC="0.5849999785" WIDTH="32"/><SP HPOS="277" ID="PAG_00000020_SP000091" VPOS="1283" WIDTH="24"/><String CONTENT="de" HEIGHT="32" HPOS="302" ID="PAG_00000020_ST000111" VPOS="1283" WC="1" WIDTH="39"/><SP HPOS="342" ID="PAG_00000020_SP000092" VPOS="1288" WIDTH="14"/><String CONTENT="toutes" HEIGHT="27" HPOS="357" ID="PAG_00000020_ST000112" VPOS="1288" WC="0.8583333492" WIDTH="109"/><SP HPOS="467" ID="PAG_00000020_SP000093" VPOS="1283" WIDTH="24"/><String CONTENT="leurs" HEIGHT="31" HPOS="492" ID="PAG_00000020_ST000113" VPOS="1283" WC="0.8560000062" WIDTH="88"/><SP HPOS="581" ID="PAG_00000020_SP000094" VPOS="1292" WIDTH="12"/><String CONTENT="récréations," HEIGHT="40" HPOS="594" ID="PAG_00000020_ST000114" VPOS="1280" WC="0.7383333445" WIDTH="213"/></TextLine>
</TextBlock>
</PrintSpace>
</Page>
</Layout>
</alto>