<?xml version="1.0" encoding="UTF-8"?><alto xmlns="http://www.loc.gov/standards/alto/ns-v3#" xmlns:xlink="http://www.w3.org/TR/xlink" xmlns:xsi="http://www.w3.org/2001/XMLSchema-instance" SCHEMAVERSION="alto_bnf-v2_0" xsi:schemaLocation="http://www.loc.gov/standards/alto/ns-v3# http://bibnum.bnf.fr/schema/alto_bnf-v2_0.xsd">
<Description><MeasurementUnit>pixel</MeasurementUnit><sourceImageInformation><fileName>00000016.tif</fileName><fileIdentifier>ark:/12148/bpt6k5628146t/f16</fileIdentifier><documentIdentifier documentIdentifierLocation="NUM">5628146</documentIdentifier></sourceImageInformation><OCRProcessing ID="OCR_1"><ocrProcessingStep><processingDateTime>2019-01-17</processingDateTime><processingStepDescription>[001_OCR_BRUT]OCR BRUT 64.81 %</processingStepDescription><processingStepDescription>[002_CHARS]{584}</processingStepDescription><processingStepDescription>[007_STRINGS]{127}</processingStepDescription><processingSoftware><softwareCreator>ABBYY</softwareCreator><softwareName>ABBYY FineReader Engine</softwareName><softwareVersion>11</softwareVersion></processingSoftware></ocrProcessingStep></OCRProcessing></Description>
<Styles>
</Styles>
<Layout>
<Page ACCURACY="64.81" HEIGHT="1616" ID="PAG_00000016" PHYSICAL_IMG_NR="16" QUALITY="OK" WIDTH="973">
<TopMargin HEIGHT="116" HPOS="0" ID="PAG_00000016_TopMargin" VPOS="0" WIDTH="973">
</TopMargin>
<LeftMargin HEIGHT="1221" HPOS="0" ID="PAG_00000016_LeftMargin" VPOS="116" WIDTH="119">
</LeftMargin>
<RightMargin HEIGHT="1221" HPOS="821" ID="PAG_00000016_RightMargin" VPOS="116" WIDTH="152">
</RightMargin>
<BottomMargin HEIGHT="279" HPOS="0" ID="PAG_00000016_BottomMargin" VPOS="1337" WIDTH="973">
<TextBlock HEIGHT="32" HPOS="634" ID="PAG_00000016_TB000001" VPOS="1350" WIDTH="27" language="fr">
<TextLine HEIGHT="21" HPOS="640" ID="PAG_00000016_TL000001" VPOS="1356" WIDTH="15"><String CONTENT="a" HEIGHT="21" HPOS="640" ID="PAG_00000016_ST000001" VPOS="1356" WC="0.6999999881" WIDTH="15"/></TextLine>
</TextBlock><GraphicalElement HEIGHT="4" HPOS="341" ID="PAG_00000016_GE000001" VPOS="1612" WIDTH="632"/><GraphicalElement HEIGHT="4" HPOS="811" ID="PAG_00000016_GE000002" VPOS="1612" WIDTH="39"/>
</BottomMargin>
<PrintSpace HEIGHT="1221" HPOS="119" ID="PAG_00000016_PrintSpace" VPOS="116" WIDTH="702">
<TextBlock HEIGHT="1221" HPOS="119" ID="PAG_00000016_TB000002" VPOS="116" WIDTH="702" language="fr">
<TextLine HEIGHT="37" HPOS="456" ID="PAG_00000016_TL000002" VPOS="122" WIDTH="50"><String CONTENT="*5" HEIGHT="37" HPOS="456" ID="PAG_00000016_ST000002" VPOS="122" WC="0.275000006" WIDTH="50"/></TextLine>
<TextLine HEIGHT="45" HPOS="148" ID="PAG_00000016_TL000003" VPOS="193" WIDTH="666"><String CONTENT="pour" HEIGHT="34" HPOS="148" ID="PAG_00000016_ST000003" VPOS="204" WC="0.4900000095" WIDTH="85"/><SP HPOS="234" ID="PAG_00000016_SP000001" VPOS="194" WIDTH="20"/><String CONTENT="le" HEIGHT="32" HPOS="255" ID="PAG_00000016_ST000004" VPOS="194" WC="0.8299999833" WIDTH="29"/><SP HPOS="285" ID="PAG_00000016_SP000002" VPOS="198" WIDTH="27"/><String CONTENT="travail" HEIGHT="32" HPOS="313" ID="PAG_00000016_ST000005" VPOS="194" WC="0.5814285874" WIDTH="114"/><SP HPOS="428" ID="PAG_00000016_SP000003" VPOS="194" WIDTH="36"/><String CONTENT="et" HEIGHT="26" HPOS="465" ID="PAG_00000016_ST000006" VPOS="199" WC="0.9900000095" WIDTH="31"/><SP HPOS="497" ID="PAG_00000016_SP000004" VPOS="194" WIDTH="36"/><String CONTENT="la" HEIGHT="32" HPOS="534" ID="PAG_00000016_ST000007" VPOS="194" WC="0.6349999905" WIDTH="31"/><SP HPOS="566" ID="PAG_00000016_SP000005" VPOS="204" WIDTH="30"/><String CONTENT="piété," HEIGHT="44" HPOS="597" ID="PAG_00000016_ST000008" VPOS="193" WC="0.3416666687" WIDTH="110"/><SP HPOS="708" ID="PAG_00000016_SP000006" VPOS="204" WIDTH="33"/><String CONTENT="crut" HEIGHT="28" HPOS="742" ID="PAG_00000016_ST000009" VPOS="198" WC="0.5450000167" WIDTH="72"/></TextLine>
<TextLine HEIGHT="45" HPOS="148" ID="PAG_00000016_TL000004" VPOS="251" WIDTH="663"><String CONTENT="que" HEIGHT="34" HPOS="148" ID="PAG_00000016_ST000010" VPOS="262" WC="0.6333333254" WIDTH="63"/><SP HPOS="212" ID="PAG_00000016_SP000007" VPOS="254" WIDTH="18"/><String CONTENT="le" HEIGHT="31" HPOS="231" ID="PAG_00000016_ST000011" VPOS="254" WC="0.6700000167" WIDTH="30"/><SP HPOS="262" ID="PAG_00000016_SP000008" VPOS="263" WIDTH="22"/><String CONTENT="moment" HEIGHT="28" HPOS="285" ID="PAG_00000016_ST000012" VPOS="258" WC="0.5583333373" WIDTH="147"/><SP HPOS="433" ID="PAG_00000016_SP000009" VPOS="253" WIDTH="18"/><String CONTENT="de" HEIGHT="31" HPOS="452" ID="PAG_00000016_ST000013" VPOS="253" WC="0.7699999809" WIDTH="39"/><SP HPOS="492" ID="PAG_00000016_SP000010" VPOS="253" WIDTH="27"/><String CONTENT="l’éloigner" HEIGHT="45" HPOS="520" ID="PAG_00000016_ST000014" VPOS="251" WC="0.5130000114" WIDTH="165"/><SP HPOS="686" ID="PAG_00000016_SP000011" VPOS="264" WIDTH="26"/><String CONTENT="et" HEIGHT="27" HPOS="713" ID="PAG_00000016_ST000015" VPOS="258" WC="0.6999999881" WIDTH="32"/><SP HPOS="746" ID="PAG_00000016_SP000012" VPOS="253" WIDTH="25"/><String CONTENT="de" HEIGHT="32" HPOS="772" ID="PAG_00000016_ST000016" VPOS="253" WC="0.3600000143" WIDTH="39"/></TextLine>
<TextLine HEIGHT="42" HPOS="145" ID="PAG_00000016_TL000005" VPOS="311" WIDTH="666"><String CONTENT="la" HEIGHT="30" HPOS="145" ID="PAG_00000016_ST000017" VPOS="313" WC="0.375" WIDTH="31"/><SP HPOS="177" ID="PAG_00000016_SP000013" VPOS="323" WIDTH="25"/><String CONTENT="confier" HEIGHT="32" HPOS="203" ID="PAG_00000016_ST000018" VPOS="311" WC="0.8414285779" WIDTH="120"/><SP HPOS="324" ID="PAG_00000016_SP000014" VPOS="311" WIDTH="22"/><String CONTENT="à" HEIGHT="31" HPOS="347" ID="PAG_00000016_ST000019" VPOS="311" WC="0.1800000072" WIDTH="18"/><SP HPOS="366" ID="PAG_00000016_SP000015" VPOS="311" WIDTH="22"/><String CONTENT="des" HEIGHT="31" HPOS="389" ID="PAG_00000016_ST000020" VPOS="312" WC="0.6600000262" WIDTH="54"/><SP HPOS="444" ID="PAG_00000016_SP000016" VPOS="321" WIDTH="23"/><String CONTENT="mains" HEIGHT="31" HPOS="468" ID="PAG_00000016_ST000021" VPOS="311" WC="0.4499999881" WIDTH="103"/><SP HPOS="572" ID="PAG_00000016_SP000017" VPOS="321" WIDTH="20"/><String CONTENT="plus" HEIGHT="41" HPOS="593" ID="PAG_00000016_ST000022" VPOS="312" WC="0.5274999738" WIDTH="75"/><SP HPOS="669" ID="PAG_00000016_SP000018" VPOS="311" WIDTH="17"/><String CONTENT="habiles" HEIGHT="31" HPOS="687" ID="PAG_00000016_ST000023" VPOS="311" WC="0.5814285874" WIDTH="124"/></TextLine>
<TextLine HEIGHT="34" HPOS="144" ID="PAG_00000016_TL000006" VPOS="367" WIDTH="665"><String CONTENT="était" HEIGHT="31" HPOS="144" ID="PAG_00000016_ST000024" VPOS="370" WC="0.6399999857" WIDTH="77"/><SP HPOS="222" ID="PAG_00000016_SP000019" VPOS="375" WIDTH="27"/><String CONTENT="arrivé." HEIGHT="32" HPOS="250" ID="PAG_00000016_ST000025" VPOS="368" WC="0.7371428609" WIDTH="115"/><SP HPOS="366" ID="PAG_00000016_SP000020" VPOS="369" WIDTH="21"/><String CONTENT="Il" HEIGHT="31" HPOS="388" ID="PAG_00000016_ST000026" VPOS="369" WC="0.4799999893" WIDTH="28"/><SP HPOS="417" ID="PAG_00000016_SP000021" VPOS="369" WIDTH="21"/><String CONTENT="lui" HEIGHT="30" HPOS="439" ID="PAG_00000016_ST000027" VPOS="369" WC="0.7766666412" WIDTH="47"/><SP HPOS="487" ID="PAG_00000016_SP000022" VPOS="369" WIDTH="25"/><String CONTENT="en" HEIGHT="20" HPOS="513" ID="PAG_00000016_ST000028" VPOS="379" WC="0.8949999809" WIDTH="39"/><SP HPOS="553" ID="PAG_00000016_SP000023" VPOS="379" WIDTH="22"/><String CONTENT="coûtait" HEIGHT="32" HPOS="576" ID="PAG_00000016_ST000029" VPOS="367" WC="0.7599999905" WIDTH="122"/><SP HPOS="699" ID="PAG_00000016_SP000024" VPOS="369" WIDTH="11"/><String CONTENT="beau" HEIGHT="31" HPOS="711" ID="PAG_00000016_ST000030" SUBS_CONTENT="beaucoup" SUBS_TYPE="HypPart1" VPOS="369" WC="0.6449999809" WIDTH="84"/><HYP CONTENT="­"/></TextLine>
<TextLine HEIGHT="42" HPOS="143" ID="PAG_00000016_TL000007" VPOS="425" WIDTH="667"><String CONTENT="coup" HEIGHT="31" HPOS="143" ID="PAG_00000016_ST000031" SUBS_CONTENT="beaucoup" SUBS_TYPE="HypPart2" VPOS="436" WC="0.6650000215" WIDTH="83"/><SP HPOS="227" ID="PAG_00000016_SP000025" VPOS="426" WIDTH="25"/><String CONTENT="de" HEIGHT="30" HPOS="253" ID="PAG_00000016_ST000032" VPOS="426" WC="1" WIDTH="39"/><SP HPOS="293" ID="PAG_00000016_SP000026" VPOS="436" WIDTH="21"/><String CONTENT="se" HEIGHT="19" HPOS="315" ID="PAG_00000016_ST000033" VPOS="436" WC="0.8000000119" WIDTH="32"/><SP HPOS="348" ID="PAG_00000016_SP000027" VPOS="436" WIDTH="23"/><String CONTENT="séparer" HEIGHT="41" HPOS="372" ID="PAG_00000016_ST000034" VPOS="425" WC="0.5857142806" WIDTH="128"/><SP HPOS="501" ID="PAG_00000016_SP000028" VPOS="425" WIDTH="16"/><String CONTENT="de" HEIGHT="30" HPOS="518" ID="PAG_00000016_ST000035" VPOS="425" WC="1" WIDTH="39"/><SP HPOS="558" ID="PAG_00000016_SP000029" VPOS="435" WIDTH="26"/><String CONTENT="sa" HEIGHT="20" HPOS="585" ID="PAG_00000016_ST000036" VPOS="436" WC="0.7250000238" WIDTH="33"/><SP HPOS="619" ID="PAG_00000016_SP000030" VPOS="436" WIDTH="15"/><String CONTENT="chère" HEIGHT="32" HPOS="635" ID="PAG_00000016_ST000037" VPOS="425" WC="0.5440000296" WIDTH="94"/><SP HPOS="730" ID="PAG_00000016_SP000031" VPOS="426" WIDTH="14"/><String CONTENT="Au" HEIGHT="31" HPOS="745" ID="PAG_00000016_ST000038" SUBS_CONTENT="Augustine," SUBS_TYPE="HypPart1" VPOS="426" WC="0.4099999964" WIDTH="50"/><HYP CONTENT="­"/></TextLine>
<TextLine HEIGHT="46" HPOS="142" ID="PAG_00000016_TL000008" VPOS="480" WIDTH="666"><String CONTENT="gustine," HEIGHT="43" HPOS="142" ID="PAG_00000016_ST000039" SUBS_CONTENT="Augustine," SUBS_TYPE="HypPart2" VPOS="483" WC="0.4987500012" WIDTH="144"/><SP HPOS="287" ID="PAG_00000016_SP000032" VPOS="492" WIDTH="31"/><String CONTENT="mais" HEIGHT="30" HPOS="319" ID="PAG_00000016_ST000040" VPOS="482" WC="0.7325000167" WIDTH="81"/><SP HPOS="401" ID="PAG_00000016_SP000033" VPOS="493" WIDTH="22"/><String CONTENT="c’était" HEIGHT="35" HPOS="424" ID="PAG_00000016_ST000041" VPOS="480" WC="0.5128571391" WIDTH="107"/><SP HPOS="532" ID="PAG_00000016_SP000034" VPOS="487" WIDTH="27"/><String CONTENT="pour" HEIGHT="31" HPOS="560" ID="PAG_00000016_ST000042" VPOS="493" WC="0.3549999893" WIDTH="84"/><SP HPOS="645" ID="PAG_00000016_SP000035" VPOS="484" WIDTH="24"/><String CONTENT="le" HEIGHT="30" HPOS="670" ID="PAG_00000016_ST000043" VPOS="484" WC="0.8899999857" WIDTH="30"/><SP HPOS="701" ID="PAG_00000016_SP000036" VPOS="483" WIDTH="30"/><String CONTENT="bien" HEIGHT="31" HPOS="732" ID="PAG_00000016_ST000044" VPOS="483" WC="0.5325000286" WIDTH="76"/></TextLine>
<TextLine HEIGHT="33" HPOS="141" ID="PAG_00000016_TL000009" VPOS="539" WIDTH="666"><String CONTENT="de" HEIGHT="30" HPOS="141" ID="PAG_00000016_ST000045" VPOS="542" WC="1" WIDTH="39"/><SP HPOS="181" ID="PAG_00000016_SP000037" VPOS="541" WIDTH="23"/><String CONTENT="l’enfant." HEIGHT="32" HPOS="205" ID="PAG_00000016_ST000046" VPOS="539" WC="0.7744444609" WIDTH="145"/><SP HPOS="351" ID="PAG_00000016_SP000038" VPOS="539" WIDTH="26"/><String CONTENT="Elle" HEIGHT="31" HPOS="378" ID="PAG_00000016_ST000047" VPOS="539" WC="0.8424999714" WIDTH="66"/><SP HPOS="445" ID="PAG_00000016_SP000039" VPOS="550" WIDTH="22"/><String CONTENT="en" HEIGHT="20" HPOS="468" ID="PAG_00000016_ST000048" VPOS="550" WC="0.6349999905" WIDTH="40"/><SP HPOS="509" ID="PAG_00000016_SP000040" VPOS="540" WIDTH="21"/><String CONTENT="fit" HEIGHT="30" HPOS="531" ID="PAG_00000016_ST000049" VPOS="540" WC="0.5133333206" WIDTH="37"/><SP HPOS="569" ID="PAG_00000016_SP000041" VPOS="540" WIDTH="25"/><String CONTENT="donc" HEIGHT="31" HPOS="595" ID="PAG_00000016_ST000050" VPOS="540" WC="0.8125" WIDTH="83"/><SP HPOS="679" ID="PAG_00000016_SP000042" VPOS="541" WIDTH="21"/><String CONTENT="le" HEIGHT="30" HPOS="701" ID="PAG_00000016_ST000051" VPOS="541" WC="1" WIDTH="29"/><SP HPOS="731" ID="PAG_00000016_SP000043" VPOS="551" WIDTH="23"/><String CONTENT="sa" HEIGHT="20" HPOS="755" ID="PAG_00000016_ST000052" SUBS_CONTENT="sacrifice." SUBS_TYPE="HypPart1" VPOS="551" WC="0.6150000095" WIDTH="33"/><HYP CONTENT="­"/></TextLine>
<TextLine HEIGHT="42" HPOS="140" ID="PAG_00000016_TL000010" VPOS="598" WIDTH="667"><String CONTENT="crifice." HEIGHT="31" HPOS="140" ID="PAG_00000016_ST000053" SUBS_CONTENT="sacrifice." SUBS_TYPE="HypPart2" VPOS="599" WC="0.90625" WIDTH="116"/><SP HPOS="257" ID="PAG_00000016_SP000044" VPOS="598" WIDTH="42"/><String CONTENT="Elle" HEIGHT="30" HPOS="300" ID="PAG_00000016_ST000054" VPOS="598" WC="0.9049999714" WIDTH="66"/><SP HPOS="367" ID="PAG_00000016_SP000045" VPOS="608" WIDTH="40"/><String CONTENT="connaissait" HEIGHT="30" HPOS="408" ID="PAG_00000016_ST000055" VPOS="598" WC="0.75" WIDTH="193"/><SP HPOS="602" ID="PAG_00000016_SP000046" VPOS="603" WIDTH="41"/><String CONTENT="un" HEIGHT="20" HPOS="644" ID="PAG_00000016_ST000056" VPOS="608" WC="0.7850000262" WIDTH="46"/><SP HPOS="691" ID="PAG_00000016_SP000047" VPOS="607" WIDTH="32"/><String CONTENT="pen" HEIGHT="33" HPOS="724" ID="PAG_00000016_ST000057" SUBS_CONTENT="pensionnat" SUBS_TYPE="HypPart1" VPOS="607" WC="0.4233333468" WIDTH="63"/><HYP CONTENT="­"/></TextLine>
<TextLine HEIGHT="43" HPOS="137" ID="PAG_00000016_TL000011" VPOS="654" WIDTH="667"><String CONTENT="sionnat" HEIGHT="30" HPOS="137" ID="PAG_00000016_ST000058" SUBS_CONTENT="pensionnat" SUBS_TYPE="HypPart2" VPOS="658" WC="0.7671428323" WIDTH="128"/><SP HPOS="266" ID="PAG_00000016_SP000048" VPOS="654" WIDTH="13"/><String CONTENT="à" HEIGHT="31" HPOS="280" ID="PAG_00000016_ST000059" VPOS="654" WC="0.2800000012" WIDTH="19"/><SP HPOS="300" ID="PAG_00000016_SP000049" VPOS="654" WIDTH="14"/><String CONTENT="Ham," HEIGHT="38" HPOS="315" ID="PAG_00000016_ST000060" VPOS="655" WC="0.6075000167" WIDTH="103"/><SP HPOS="419" ID="PAG_00000016_SP000050" VPOS="655" WIDTH="17"/><String CONTENT="dirigé" HEIGHT="42" HPOS="437" ID="PAG_00000016_ST000061" VPOS="654" WC="0.5299999714" WIDTH="100"/><SP HPOS="538" ID="PAG_00000016_SP000051" VPOS="654" WIDTH="12"/><String CONTENT="par" HEIGHT="32" HPOS="551" ID="PAG_00000016_ST000062" VPOS="665" WC="0.6666666865" WIDTH="59"/><SP HPOS="611" ID="PAG_00000016_SP000052" VPOS="655" WIDTH="13"/><String CONTENT="les" HEIGHT="30" HPOS="625" ID="PAG_00000016_ST000063" VPOS="655" WC="0.8199999928" WIDTH="45"/><SP HPOS="671" ID="PAG_00000016_SP000053" VPOS="655" WIDTH="16"/><String CONTENT="Dames" HEIGHT="32" HPOS="688" ID="PAG_00000016_ST000064" VPOS="655" WC="0.5680000186" WIDTH="116"/></TextLine>
<TextLine HEIGHT="42" HPOS="137" ID="PAG_00000016_TL000012" VPOS="711" WIDTH="663"><String CONTENT="de" HEIGHT="30" HPOS="137" ID="PAG_00000016_ST000065" VPOS="715" WC="1" WIDTH="39"/><SP HPOS="177" ID="PAG_00000016_SP000054" VPOS="715" WIDTH="23"/><String CONTENT="la" HEIGHT="29" HPOS="201" ID="PAG_00000016_ST000066" VPOS="715" WC="0.5699999928" WIDTH="32"/><SP HPOS="234" ID="PAG_00000016_SP000055" VPOS="723" WIDTH="21"/><String CONTENT="congrégation" HEIGHT="42" HPOS="256" ID="PAG_00000016_ST000067" VPOS="711" WC="0.6958333254" WIDTH="226"/><SP HPOS="483" ID="PAG_00000016_SP000056" VPOS="712" WIDTH="20"/><String CONTENT="de" HEIGHT="31" HPOS="504" ID="PAG_00000016_ST000068" VPOS="712" WC="1" WIDTH="39"/><SP HPOS="544" ID="PAG_00000016_SP000057" VPOS="712" WIDTH="28"/><String CONTENT="Notre-Dame." HEIGHT="33" HPOS="573" ID="PAG_00000016_ST000069" VPOS="712" WC="0.7972727418" WIDTH="227"/></TextLine>
<TextLine HEIGHT="44" HPOS="136" ID="PAG_00000016_TL000013" VPOS="768" WIDTH="667"><String CONTENT="Elle" HEIGHT="30" HPOS="136" ID="PAG_00000016_ST000070" VPOS="772" WC="0.6675000191" WIDTH="66"/><SP HPOS="203" ID="PAG_00000016_SP000058" VPOS="781" WIDTH="11"/><String CONTENT="résolut" HEIGHT="31" HPOS="215" ID="PAG_00000016_ST000071" VPOS="770" WC="0.6842857003" WIDTH="123"/><SP HPOS="339" ID="PAG_00000016_SP000059" VPOS="769" WIDTH="13"/><String CONTENT="de,l’y" HEIGHT="42" HPOS="353" ID="PAG_00000016_ST000072" VPOS="768" WC="0.8716666698" WIDTH="101"/><SP HPOS="455" ID="PAG_00000016_SP000060" VPOS="780" WIDTH="25"/><String CONTENT="placer." HEIGHT="41" HPOS="481" ID="PAG_00000016_ST000073" VPOS="771" WC="0.6085714102" WIDTH="119"/><SP HPOS="601" ID="PAG_00000016_SP000061" VPOS="769" WIDTH="25"/><String CONTENT="Augustine" HEIGHT="42" HPOS="627" ID="PAG_00000016_ST000074" VPOS="769" WC="0.6455555558" WIDTH="176"/></TextLine>
<TextLine HEIGHT="42" HPOS="135" ID="PAG_00000016_TL000014" VPOS="827" WIDTH="667"><String CONTENT="n’était" HEIGHT="33" HPOS="135" ID="PAG_00000016_ST000075" VPOS="828" WC="0.5771428347" WIDTH="112"/><SP HPOS="248" ID="PAG_00000016_SP000062" VPOS="834" WIDTH="20"/><String CONTENT="encore" HEIGHT="21" HPOS="269" ID="PAG_00000016_ST000076" VPOS="838" WC="0.9283333421" WIDTH="116"/><SP HPOS="386" ID="PAG_00000016_SP000063" VPOS="838" WIDTH="22"/><String CONTENT="qu’à" HEIGHT="42" HPOS="409" ID="PAG_00000016_ST000077" VPOS="827" WC="0.5625" WIDTH="75"/><SP HPOS="485" ID="PAG_00000016_SP000064" VPOS="828" WIDTH="27"/><String CONTENT="sa" HEIGHT="20" HPOS="513" ID="PAG_00000016_ST000078" VPOS="839" WC="0.6449999809" WIDTH="34"/><SP HPOS="548" ID="PAG_00000016_SP000065" VPOS="829" WIDTH="24"/><String CONTENT="huitième" HEIGHT="31" HPOS="573" ID="PAG_00000016_ST000079" VPOS="828" WC="0.6862499714" WIDTH="157"/><SP HPOS="731" ID="PAG_00000016_SP000066" VPOS="839" WIDTH="14"/><String CONTENT="an" HEIGHT="21" HPOS="746" ID="PAG_00000016_ST000080" SUBS_CONTENT="année," SUBS_TYPE="HypPart1" VPOS="839" WC="0.7200000286" WIDTH="40"/><HYP CONTENT="­"/></TextLine>
<TextLine HEIGHT="42" HPOS="136" ID="PAG_00000016_TL000015" VPOS="884" WIDTH="665"><String CONTENT="née," HEIGHT="38" HPOS="136" ID="PAG_00000016_ST000081" SUBS_CONTENT="année," SUBS_TYPE="HypPart2" VPOS="887" WC="0.5649999976" WIDTH="78"/><SP HPOS="215" ID="PAG_00000016_SP000067" VPOS="887" WIDTH="17"/><String CONTENT="lorsqu’elle" HEIGHT="42" HPOS="233" ID="PAG_00000016_ST000082" VPOS="884" WC="0.6536363363" WIDTH="184"/><SP HPOS="418" ID="PAG_00000016_SP000068" VPOS="895" WIDTH="23"/><String CONTENT="arriva" HEIGHT="32" HPOS="442" ID="PAG_00000016_ST000083" VPOS="885" WC="0.6366666555" WIDTH="105"/><SP HPOS="548" ID="PAG_00000016_SP000069" VPOS="885" WIDTH="19"/><String CONTENT="à" HEIGHT="30" HPOS="568" ID="PAG_00000016_ST000084" VPOS="885" WC="0.349999994" WIDTH="19"/><SP HPOS="588" ID="PAG_00000016_SP000070" VPOS="885" WIDTH="21"/><String CONTENT="Ilam." HEIGHT="31" HPOS="610" ID="PAG_00000016_ST000085" VPOS="886" WC="0.5379999876" WIDTH="95"/><SP HPOS="706" ID="PAG_00000016_SP000071" VPOS="886" WIDTH="27"/><String CONTENT="Elle" HEIGHT="32" HPOS="734" ID="PAG_00000016_ST000086" VPOS="886" WC="0.9549999833" WIDTH="67"/></TextLine>
<TextLine HEIGHT="41" HPOS="133" ID="PAG_00000016_TL000016" VPOS="942" WIDTH="667"><String CONTENT="n’eut" HEIGHT="31" HPOS="133" ID="PAG_00000016_ST000087" VPOS="943" WC="0.6399999857" WIDTH="89"/><SP HPOS="223" ID="PAG_00000016_SP000072" VPOS="949" WIDTH="22"/><String CONTENT="point" HEIGHT="39" HPOS="246" ID="PAG_00000016_ST000088" VPOS="944" WC="0.4959999919" WIDTH="95"/><SP HPOS="342" ID="PAG_00000016_SP000073" VPOS="943" WIDTH="14"/><String CONTENT="de" HEIGHT="29" HPOS="357" ID="PAG_00000016_ST000089" VPOS="943" WC="0.8450000286" WIDTH="38"/><SP HPOS="396" ID="PAG_00000016_SP000074" VPOS="953" WIDTH="20"/><String CONTENT="peine" HEIGHT="40" HPOS="417" ID="PAG_00000016_ST000090" VPOS="943" WC="0.5" WIDTH="94"/><SP HPOS="512" ID="PAG_00000016_SP000075" VPOS="942" WIDTH="18"/><String CONTENT="à" HEIGHT="30" HPOS="531" ID="PAG_00000016_ST000091" VPOS="942" WC="0.1800000072" WIDTH="19"/><SP HPOS="551" ID="PAG_00000016_SP000076" VPOS="942" WIDTH="13"/><String CONTENT="s’accoutumer" HEIGHT="33" HPOS="565" ID="PAG_00000016_ST000092" VPOS="942" WC="0.760833323" WIDTH="235"/></TextLine>
<TextLine HEIGHT="42" HPOS="133" ID="PAG_00000016_TL000017" VPOS="997" WIDTH="665"><String CONTENT="au" HEIGHT="21" HPOS="133" ID="PAG_00000016_ST000093" VPOS="1010" WC="0.6800000072" WIDTH="42"/><SP HPOS="176" ID="PAG_00000016_SP000077" VPOS="1005" WIDTH="20"/><String CONTENT="train" HEIGHT="30" HPOS="197" ID="PAG_00000016_ST000094" VPOS="999" WC="0.6899999976" WIDTH="85"/><SP HPOS="283" ID="PAG_00000016_SP000078" VPOS="998" WIDTH="20"/><String CONTENT="de" HEIGHT="30" HPOS="304" ID="PAG_00000016_ST000095" VPOS="998" WC="1" WIDTH="39"/><SP HPOS="344" ID="PAG_00000016_SP000079" VPOS="999" WIDTH="22"/><String CONTENT="la" HEIGHT="29" HPOS="367" ID="PAG_00000016_ST000096" VPOS="999" WC="1" WIDTH="30"/><SP HPOS="398" ID="PAG_00000016_SP000080" VPOS="1008" WIDTH="22"/><String CONTENT="maison" HEIGHT="30" HPOS="421" ID="PAG_00000016_ST000097" VPOS="998" WC="0.8383333087" WIDTH="125"/><SP HPOS="547" ID="PAG_00000016_SP000081" VPOS="1008" WIDTH="15"/><String CONTENT=";" HEIGHT="26" HPOS="563" ID="PAG_00000016_ST000098" VPOS="1011" WC="0.2800000012" WIDTH="8"/><SP HPOS="572" ID="PAG_00000016_SP000082" VPOS="998" WIDTH="27"/><String CONTENT="dès" HEIGHT="31" HPOS="600" ID="PAG_00000016_ST000099" VPOS="997" WC="0.7400000095" WIDTH="54"/><SP HPOS="655" ID="PAG_00000016_SP000083" VPOS="1008" WIDTH="26"/><String CONTENT="qu’elle" HEIGHT="41" HPOS="682" ID="PAG_00000016_ST000100" VPOS="998" WC="0.7814285755" WIDTH="116"/></TextLine>
<TextLine HEIGHT="43" HPOS="131" ID="PAG_00000016_TL000018" VPOS="1055" WIDTH="662"><String CONTENT="eut" HEIGHT="27" HPOS="131" ID="PAG_00000016_ST000101" VPOS="1062" WC="0.6633333564" WIDTH="56"/><SP HPOS="188" ID="PAG_00000016_SP000084" VPOS="1062" WIDTH="14"/><String CONTENT="pris" HEIGHT="42" HPOS="203" ID="PAG_00000016_ST000102" VPOS="1056" WC="0.5174999833" WIDTH="65"/><SP HPOS="269" ID="PAG_00000016_SP000085" VPOS="1066" WIDTH="21"/><String CONTENT="connaissance" HEIGHT="31" HPOS="291" ID="PAG_00000016_ST000103" VPOS="1055" WC="0.5933333039" WIDTH="226"/><SP HPOS="518" ID="PAG_00000016_SP000086" VPOS="1055" WIDTH="17"/><String CONTENT="du" HEIGHT="30" HPOS="536" ID="PAG_00000016_ST000104" VPOS="1055" WC="0.6449999809" WIDTH="44"/><SP HPOS="581" ID="PAG_00000016_SP000087" VPOS="1065" WIDTH="15"/><String CONTENT="réglement," HEIGHT="41" HPOS="597" ID="PAG_00000016_ST000105" VPOS="1055" WC="0.6560000181" WIDTH="196"/></TextLine>
<TextLine HEIGHT="44" HPOS="131" ID="PAG_00000016_TL000019" VPOS="1111" WIDTH="665"><String CONTENT="elle" HEIGHT="31" HPOS="131" ID="PAG_00000016_ST000106" VPOS="1114" WC="0.8725000024" WIDTH="59"/><SP HPOS="191" ID="PAG_00000016_SP000088" VPOS="1123" WIDTH="31"/><String CONTENT="résolut" HEIGHT="31" HPOS="223" ID="PAG_00000016_ST000107" VPOS="1112" WC="0.6442857385" WIDTH="123"/><SP HPOS="347" ID="PAG_00000016_SP000089" VPOS="1118" WIDTH="31"/><String CONTENT="généreusement" HEIGHT="42" HPOS="379" ID="PAG_00000016_ST000108" VPOS="1111" WC="0.5699999928" WIDTH="265"/><SP HPOS="645" ID="PAG_00000016_SP000090" VPOS="1113" WIDTH="26"/><String CONTENT="de" HEIGHT="31" HPOS="672" ID="PAG_00000016_ST000109" VPOS="1113" WC="0.6349999905" WIDTH="38"/><SP HPOS="711" ID="PAG_00000016_SP000091" VPOS="1124" WIDTH="38"/><String CONTENT="s’y" HEIGHT="42" HPOS="750" ID="PAG_00000016_ST000110" VPOS="1113" WC="0.4933333397" WIDTH="46"/></TextLine>
<TextLine HEIGHT="41" HPOS="129" ID="PAG_00000016_TL000020" VPOS="1170" WIDTH="666"><String CONTENT="conformer," HEIGHT="38" HPOS="129" ID="PAG_00000016_ST000111" VPOS="1170" WC="0.6420000196" WIDTH="202"/><SP HPOS="332" ID="PAG_00000016_SP000092" VPOS="1180" WIDTH="44"/><String CONTENT="et" HEIGHT="25" HPOS="377" ID="PAG_00000016_ST000112" VPOS="1175" WC="0.8899999857" WIDTH="32"/><SP HPOS="410" ID="PAG_00000016_SP000093" VPOS="1175" WIDTH="37"/><String CONTENT="on" HEIGHT="21" HPOS="448" ID="PAG_00000016_ST000113" VPOS="1179" WC="0.6000000238" WIDTH="42"/><SP HPOS="491" ID="PAG_00000016_SP000094" VPOS="1180" WIDTH="24"/><String CONTENT="peut" HEIGHT="35" HPOS="516" ID="PAG_00000016_ST000114" VPOS="1176" WC="0.3899999857" WIDTH="79"/><SP HPOS="596" ID="PAG_00000016_SP000095" VPOS="1170" WIDTH="31"/><String CONTENT="dire" HEIGHT="31" HPOS="628" ID="PAG_00000016_ST000115" VPOS="1170" WC="0.5475000143" WIDTH="67"/><SP HPOS="696" ID="PAG_00000016_SP000096" VPOS="1170" WIDTH="22"/><String CONTENT="à" HEIGHT="30" HPOS="719" ID="PAG_00000016_ST000116" VPOS="1170" WC="0.2399999946" WIDTH="18"/><SP HPOS="738" ID="PAG_00000016_SP000097" VPOS="1170" WIDTH="22"/><String CONTENT="sa" HEIGHT="21" HPOS="761" ID="PAG_00000016_ST000117" VPOS="1181" WC="0.4550000131" WIDTH="34"/></TextLine>
<TextLine HEIGHT="43" HPOS="126" ID="PAG_00000016_TL000021" VPOS="1226" WIDTH="667"><String CONTENT="louange" HEIGHT="39" HPOS="126" ID="PAG_00000016_ST000118" VPOS="1230" WC="0.4928571284" WIDTH="137"/><SP HPOS="264" ID="PAG_00000016_SP000098" VPOS="1237" WIDTH="36"/><String CONTENT="qu’il" HEIGHT="42" HPOS="301" ID="PAG_00000016_ST000119" VPOS="1226" WC="0.7580000162" WIDTH="78"/><SP HPOS="380" ID="PAG_00000016_SP000099" VPOS="1228" WIDTH="36"/><String CONTENT="lui" HEIGHT="31" HPOS="417" ID="PAG_00000016_ST000120" VPOS="1227" WC="0.7599999905" WIDTH="47"/><SP HPOS="465" ID="PAG_00000016_SP000100" VPOS="1227" WIDTH="28"/><String CONTENT="arriva" HEIGHT="31" HPOS="494" ID="PAG_00000016_ST000121" VPOS="1228" WC="0.5933333039" WIDTH="103"/><SP HPOS="598" ID="PAG_00000016_SP000101" VPOS="1237" WIDTH="31"/><String CONTENT="rarement" HEIGHT="25" HPOS="630" ID="PAG_00000016_ST000122" VPOS="1234" WC="0.6262500286" WIDTH="163"/></TextLine>
<TextLine HEIGHT="47" HPOS="125" ID="PAG_00000016_TL000022" VPOS="1284" WIDTH="664"><String CONTENT="d’y" HEIGHT="44" HPOS="125" ID="PAG_00000016_ST000123" VPOS="1287" WC="0.4166666567" WIDTH="53"/><SP HPOS="179" ID="PAG_00000016_SP000102" VPOS="1297" WIDTH="19"/><String CONTENT="manqüei,’." HEIGHT="42" HPOS="199" ID="PAG_00000016_ST000124" VPOS="1287" WC="0.4169999957" WIDTH="170"/><SP HPOS="370" ID="PAG_00000016_SP000103" VPOS="1285" WIDTH="16"/><String CONTENT="Elle" HEIGHT="33" HPOS="387" ID="PAG_00000016_ST000125" VPOS="1285" WC="0.6399999857" WIDTH="67"/><SP HPOS="455" ID="PAG_00000016_SP000104" VPOS="1284" WIDTH="19"/><String CONTENT="était" HEIGHT="35" HPOS="475" ID="PAG_00000016_ST000126" VPOS="1284" WC="0.5500000119" WIDTH="76"/><SP HPOS="552" ID="PAG_00000016_SP000105" VPOS="1285" WIDTH="17"/><String CONTENT="inconsolable" HEIGHT="38" HPOS="570" ID="PAG_00000016_ST000127" VPOS="1285" WC="0.6166666746" WIDTH="219"/></TextLine>
</TextBlock>
</PrintSpace>
</Page>
</Layout>
</alto>