<?xml version="1.0" encoding="UTF-8"?><alto xmlns="http://www.loc.gov/standards/alto/ns-v3#" xmlns:xlink="http://www.w3.org/TR/xlink" xmlns:xsi="http://www.w3.org/2001/XMLSchema-instance" SCHEMAVERSION="alto_bnf-v2_0" xsi:schemaLocation="http://www.loc.gov/standards/alto/ns-v3# http://bibnum.bnf.fr/schema/alto_bnf-v2_0.xsd">
<Description><MeasurementUnit>pixel</MeasurementUnit><sourceImageInformation><fileName>00000019.tif</fileName><fileIdentifier>ark:/12148/bpt6k5628146t/f19</fileIdentifier><documentIdentifier documentIdentifierLocation="NUM">5628146</documentIdentifier></sourceImageInformation><OCRProcessing ID="OCR_1"><ocrProcessingStep><processingDateTime>2019-01-17</processingDateTime><processingStepDescription>[001_OCR_BRUT]OCR BRUT 69.17 %</processingStepDescription><processingStepDescription>[002_CHARS]{582}</processingStepDescription><processingStepDescription>[007_STRINGS]{128}</processingStepDescription><processingSoftware><softwareCreator>ABBYY</softwareCreator><softwareName>ABBYY FineReader Engine</softwareName><softwareVersion>11</softwareVersion></processingSoftware></ocrProcessingStep></OCRProcessing></Description>
<Styles>
</Styles>
<Layout>
<Page ACCURACY="69.17" HEIGHT="1646" ID="PAG_00000019" PHYSICAL_IMG_NR="19" QUALITY="OK" WIDTH="1008">
<TopMargin HEIGHT="136" HPOS="0" ID="PAG_00000019_TopMargin" VPOS="0" WIDTH="1008">
</TopMargin>
<LeftMargin HEIGHT="1229" HPOS="0" ID="PAG_00000019_LeftMargin" VPOS="136" WIDTH="159">
</LeftMargin>
<RightMargin HEIGHT="1229" HPOS="844" ID="PAG_00000019_RightMargin" VPOS="136" WIDTH="164">
</RightMargin>
<BottomMargin HEIGHT="281" HPOS="0" ID="PAG_00000019_BottomMargin" VPOS="1365" WIDTH="1008">
</BottomMargin>
<PrintSpace HEIGHT="1229" HPOS="159" ID="PAG_00000019_PrintSpace" VPOS="136" WIDTH="685">
<TextBlock HEIGHT="1229" HPOS="159" ID="PAG_00000019_TB000001" VPOS="136" WIDTH="685" language="fr">
<TextLine HEIGHT="36" HPOS="479" ID="PAG_00000019_TL000001" VPOS="141" WIDTH="46"><String CONTENT="IG" HEIGHT="36" HPOS="479" ID="PAG_00000019_ST000001" VPOS="141" WC="0.1550000012" WIDTH="46"/></TextLine>
<TextLine HEIGHT="47" HPOS="167" ID="PAG_00000019_TL000002" VPOS="211" WIDTH="664"><String CONTENT="égard;" HEIGHT="45" HPOS="167" ID="PAG_00000019_ST000002" VPOS="211" WC="0.4133333266" WIDTH="118"/><SP HPOS="286" ID="PAG_00000019_SP000001" VPOS="225" WIDTH="39"/><String CONTENT="elle" HEIGHT="32" HPOS="326" ID="PAG_00000019_ST000003" VPOS="216" WC="0.2775000036" WIDTH="59"/><SP HPOS="386" ID="PAG_00000019_SP000002" VPOS="216" WIDTH="36"/><String CONTENT="fit" HEIGHT="31" HPOS="423" ID="PAG_00000019_ST000004" VPOS="216" WC="0.8866666555" WIDTH="36"/><SP HPOS="460" ID="PAG_00000019_SP000003" VPOS="222" WIDTH="36"/><String CONTENT="plus," HEIGHT="41" HPOS="497" ID="PAG_00000019_ST000005" VPOS="217" WC="0.3919999897" WIDTH="91"/><SP HPOS="589" ID="PAG_00000019_SP000004" VPOS="227" WIDTH="32"/><String CONTENT="elle" HEIGHT="32" HPOS="622" ID="PAG_00000019_ST000006" VPOS="216" WC="0.5350000262" WIDTH="62"/><SP HPOS="685" ID="PAG_00000019_SP000005" VPOS="227" WIDTH="28"/><String CONTENT="alla" HEIGHT="34" HPOS="714" ID="PAG_00000019_ST000007" VPOS="214" WC="0.4524999857" WIDTH="62"/><SP HPOS="777" ID="PAG_00000019_SP000006" VPOS="214" WIDTH="23"/><String CONTENT="la" HEIGHT="34" HPOS="801" ID="PAG_00000019_ST000008" VPOS="214" WC="0.5" WIDTH="30"/></TextLine>
<TextLine HEIGHT="43" HPOS="165" ID="PAG_00000019_TL000003" VPOS="274" WIDTH="668"><String CONTENT="remercier," HEIGHT="39" HPOS="165" ID="PAG_00000019_ST000009" VPOS="274" WC="0.675999999" WIDTH="197"/><SP HPOS="363" ID="PAG_00000019_SP000007" VPOS="285" WIDTH="35"/><String CONTENT="puis" HEIGHT="42" HPOS="399" ID="PAG_00000019_ST000010" VPOS="274" WC="0.6825000048" WIDTH="74"/><SP HPOS="474" ID="PAG_00000019_SP000008" VPOS="285" WIDTH="29"/><String CONTENT="revint" HEIGHT="30" HPOS="504" ID="PAG_00000019_ST000011" VPOS="276" WC="0.5833333135" WIDTH="105"/><SP HPOS="610" ID="PAG_00000019_SP000009" VPOS="280" WIDTH="23"/><String CONTENT="prendre" HEIGHT="42" HPOS="634" ID="PAG_00000019_ST000012" VPOS="275" WC="0.5957142711" WIDTH="138"/><SP HPOS="773" ID="PAG_00000019_SP000010" VPOS="285" WIDTH="25"/><String CONTENT="sa" HEIGHT="21" HPOS="799" ID="PAG_00000019_ST000013" VPOS="285" WC="0.7350000143" WIDTH="34"/></TextLine>
<TextLine HEIGHT="41" HPOS="166" ID="PAG_00000019_TL000004" VPOS="332" WIDTH="668"><String CONTENT="place" HEIGHT="40" HPOS="166" ID="PAG_00000019_ST000014" VPOS="332" WC="0.9480000138" WIDTH="91"/><SP HPOS="258" ID="PAG_00000019_SP000011" VPOS="342" WIDTH="20"/><String CONTENT="au" HEIGHT="20" HPOS="279" ID="PAG_00000019_ST000015" VPOS="342" WC="0.5199999809" WIDTH="42"/><SP HPOS="322" ID="PAG_00000019_SP000012" VPOS="343" WIDTH="21"/><String CONTENT="pensionnat" HEIGHT="40" HPOS="344" ID="PAG_00000019_ST000016" VPOS="333" WC="0.7400000095" WIDTH="195"/><SP HPOS="540" ID="PAG_00000019_SP000013" VPOS="333" WIDTH="21"/><String CONTENT="d’un" HEIGHT="31" HPOS="562" ID="PAG_00000019_ST000017" VPOS="332" WC="0.7375000119" WIDTH="76"/><SP HPOS="639" ID="PAG_00000019_SP000014" VPOS="343" WIDTH="31"/><String CONTENT="air" HEIGHT="30" HPOS="671" ID="PAG_00000019_ST000018" VPOS="333" WC="0.823333323" WIDTH="47"/><SP HPOS="719" ID="PAG_00000019_SP000015" VPOS="343" WIDTH="30"/><String CONTENT="aussi" HEIGHT="30" HPOS="750" ID="PAG_00000019_ST000019" VPOS="333" WC="0.6880000234" WIDTH="84"/></TextLine>
<TextLine HEIGHT="41" HPOS="168" ID="PAG_00000019_TL000005" VPOS="390" WIDTH="665"><String CONTENT="calme" HEIGHT="33" HPOS="168" ID="PAG_00000019_ST000020" VPOS="390" WC="0.84799999" WIDTH="102"/><SP HPOS="271" ID="PAG_00000019_SP000016" VPOS="400" WIDTH="13"/><String CONTENT="," HEIGHT="16" HPOS="285" ID="PAG_00000019_ST000021" VPOS="412" WC="0.5500000119" WIDTH="8"/><SP HPOS="294" ID="PAG_00000019_SP000017" VPOS="401" WIDTH="27"/><String CONTENT="aussi" HEIGHT="30" HPOS="322" ID="PAG_00000019_ST000022" VPOS="390" WC="0.7400000095" WIDTH="85"/><SP HPOS="408" ID="PAG_00000019_SP000018" VPOS="390" WIDTH="24"/><String CONTENT="tranquille" HEIGHT="40" HPOS="433" ID="PAG_00000019_ST000023" VPOS="391" WC="0.7269999981" WIDTH="175"/><SP HPOS="609" ID="PAG_00000019_SP000019" VPOS="401" WIDTH="22"/><String CONTENT="que" HEIGHT="30" HPOS="632" ID="PAG_00000019_ST000024" VPOS="401" WC="0.6600000262" WIDTH="63"/><SP HPOS="696" ID="PAG_00000019_SP000020" VPOS="401" WIDTH="25"/><String CONTENT="s’il" HEIGHT="31" HPOS="722" ID="PAG_00000019_ST000025" VPOS="390" WC="0.8424999714" WIDTH="48"/><SP HPOS="771" ID="PAG_00000019_SP000021" VPOS="392" WIDTH="21"/><String CONTENT="ne" HEIGHT="20" HPOS="793" ID="PAG_00000019_ST000026" VPOS="401" WC="0.7850000262" WIDTH="40"/></TextLine>
<TextLine HEIGHT="43" HPOS="165" ID="PAG_00000019_TL000006" VPOS="446" WIDTH="667"><String CONTENT="lui" HEIGHT="31" HPOS="165" ID="PAG_00000019_ST000027" VPOS="446" WC="0.3466666639" WIDTH="48"/><SP HPOS="214" ID="PAG_00000019_SP000022" VPOS="447" WIDTH="22"/><String CONTENT="était" HEIGHT="31" HPOS="237" ID="PAG_00000019_ST000028" VPOS="447" WC="0.7120000124" WIDTH="76"/><SP HPOS="314" ID="PAG_00000019_SP000023" VPOS="453" WIDTH="14"/><String CONTENT="rien" HEIGHT="29" HPOS="329" ID="PAG_00000019_ST000029" VPOS="449" WC="0.6999999881" WIDTH="70"/><SP HPOS="400" ID="PAG_00000019_SP000024" VPOS="458" WIDTH="25"/><String CONTENT="arrivé" HEIGHT="31" HPOS="426" ID="PAG_00000019_ST000030" VPOS="448" WC="0.6833333373" WIDTH="103"/><SP HPOS="530" ID="PAG_00000019_SP000025" VPOS="448" WIDTH="25"/><String CONTENT="de" HEIGHT="30" HPOS="556" ID="PAG_00000019_ST000031" VPOS="449" WC="1" WIDTH="38"/><SP HPOS="595" ID="PAG_00000019_SP000026" VPOS="449" WIDTH="22"/><String CONTENT="désagréable." HEIGHT="41" HPOS="618" ID="PAG_00000019_ST000032" VPOS="448" WC="0.6291666627" WIDTH="214"/></TextLine>
<TextLine HEIGHT="43" HPOS="168" ID="PAG_00000019_TL000007" VPOS="504" WIDTH="667"><String CONTENT="Depuis" HEIGHT="42" HPOS="168" ID="PAG_00000019_ST000033" VPOS="504" WC="0.6783333421" WIDTH="121"/><SP HPOS="290" ID="PAG_00000019_SP000027" VPOS="515" WIDTH="36"/><String CONTENT="cet" HEIGHT="26" HPOS="327" ID="PAG_00000019_ST000034" VPOS="510" WC="0.8333333135" WIDTH="51"/><SP HPOS="379" ID="PAG_00000019_SP000028" VPOS="506" WIDTH="23"/><String CONTENT="instant," HEIGHT="38" HPOS="403" ID="PAG_00000019_ST000035" VPOS="506" WC="0.5899999738" WIDTH="142"/><SP HPOS="546" ID="PAG_00000019_SP000029" VPOS="506" WIDTH="36"/><String CONTENT="Augustine" HEIGHT="41" HPOS="583" ID="PAG_00000019_ST000036" VPOS="506" WC="0.6200000048" WIDTH="176"/><SP HPOS="760" ID="PAG_00000019_SP000030" VPOS="504" WIDTH="25"/><String CONTENT="fut" HEIGHT="32" HPOS="786" ID="PAG_00000019_ST000037" VPOS="504" WC="0.8033333421" WIDTH="49"/></TextLine>
<TextLine HEIGHT="43" HPOS="166" ID="PAG_00000019_TL000008" VPOS="561" WIDTH="668"><String CONTENT="tout" HEIGHT="25" HPOS="166" ID="PAG_00000019_ST000038" VPOS="567" WC="0.9449999928" WIDTH="73"/><SP HPOS="240" ID="PAG_00000019_SP000031" VPOS="567" WIDTH="27"/><String CONTENT="autre" HEIGHT="27" HPOS="268" ID="PAG_00000019_ST000039" VPOS="566" WC="0.8119999766" WIDTH="91"/><SP HPOS="360" ID="PAG_00000019_SP000032" VPOS="573" WIDTH="10"/><String CONTENT=";" HEIGHT="27" HPOS="371" ID="PAG_00000019_ST000040" VPOS="575" WC="0.3199999928" WIDTH="8"/><SP HPOS="380" ID="PAG_00000019_SP000033" VPOS="563" WIDTH="35"/><String CONTENT="la" HEIGHT="29" HPOS="416" ID="PAG_00000019_ST000041" VPOS="563" WC="0.6700000167" WIDTH="31"/><SP HPOS="448" ID="PAG_00000019_SP000034" VPOS="573" WIDTH="29"/><String CONTENT="pensée" HEIGHT="42" HPOS="478" ID="PAG_00000019_ST000042" VPOS="562" WC="0.6416666508" WIDTH="118"/><SP HPOS="597" ID="PAG_00000019_SP000035" VPOS="563" WIDTH="32"/><String CONTENT="d’avoir" HEIGHT="32" HPOS="630" ID="PAG_00000019_ST000043" VPOS="562" WC="0.8942857385" WIDTH="120"/><SP HPOS="751" ID="PAG_00000019_SP000036" VPOS="573" WIDTH="30"/><String CONTENT="of" HEIGHT="33" HPOS="782" ID="PAG_00000019_ST000044" SUBS_CONTENT="offensé" SUBS_TYPE="HypPart1" VPOS="561" WC="1" WIDTH="35"/><HYP CONTENT="­"/></TextLine>
<TextLine HEIGHT="44" HPOS="165" ID="PAG_00000019_TL000009" VPOS="617" WIDTH="671"><String CONTENT="fensé" HEIGHT="33" HPOS="165" ID="PAG_00000019_ST000045" SUBS_CONTENT="offensé" SUBS_TYPE="HypPart2" VPOS="617" WC="0.773999989" WIDTH="87"/><SP HPOS="253" ID="PAG_00000019_SP000037" VPOS="619" WIDTH="27"/><String CONTENT="Dieu" HEIGHT="31" HPOS="281" ID="PAG_00000019_ST000046" VPOS="619" WC="0.4675000012" WIDTH="81"/><SP HPOS="363" ID="PAG_00000019_SP000038" VPOS="631" WIDTH="15"/><String CONTENT="," HEIGHT="16" HPOS="379" ID="PAG_00000019_ST000047" VPOS="642" WC="0.5500000119" WIDTH="8"/><SP HPOS="388" ID="PAG_00000019_SP000039" VPOS="630" WIDTH="26"/><String CONTENT="affligé" HEIGHT="42" HPOS="415" ID="PAG_00000019_ST000048" VPOS="619" WC="0.8571428657" WIDTH="105"/><SP HPOS="521" ID="PAG_00000019_SP000040" VPOS="620" WIDTH="20"/><String CONTENT="ses" HEIGHT="20" HPOS="542" ID="PAG_00000019_ST000049" VPOS="631" WC="0.8766666651" WIDTH="48"/><SP HPOS="591" ID="PAG_00000019_SP000041" VPOS="620" WIDTH="23"/><String CONTENT="bonnes" HEIGHT="32" HPOS="615" ID="PAG_00000019_ST000050" VPOS="620" WC="0.5450000167" WIDTH="124"/><SP HPOS="740" ID="PAG_00000019_SP000042" VPOS="631" WIDTH="15"/><String CONTENT="maî" HEIGHT="31" HPOS="756" ID="PAG_00000019_ST000051" SUBS_CONTENT="maîtresses," SUBS_TYPE="HypPart1" VPOS="619" WC="0.9833333492" WIDTH="64"/><HYP CONTENT="­"/></TextLine>
<TextLine HEIGHT="42" HPOS="166" ID="PAG_00000019_TL000010" VPOS="678" WIDTH="667"><String CONTENT="tresses," HEIGHT="34" HPOS="166" ID="PAG_00000019_ST000052" SUBS_CONTENT="maîtresses," SUBS_TYPE="HypPart2" VPOS="682" WC="0.7475000024" WIDTH="131"/><SP HPOS="298" ID="PAG_00000019_SP000043" VPOS="689" WIDTH="33"/><String CONTENT="et" HEIGHT="24" HPOS="332" ID="PAG_00000019_ST000053" VPOS="685" WC="0.6499999762" WIDTH="31"/><SP HPOS="364" ID="PAG_00000019_SP000044" VPOS="685" WIDTH="19"/><String CONTENT="non" HEIGHT="21" HPOS="384" ID="PAG_00000019_ST000054" VPOS="688" WC="0.7866666913" WIDTH="66"/><SP HPOS="451" ID="PAG_00000019_SP000045" VPOS="679" WIDTH="29"/><String CONTENT="la" HEIGHT="29" HPOS="481" ID="PAG_00000019_ST000055" VPOS="679" WC="0.7900000215" WIDTH="31"/><SP HPOS="513" ID="PAG_00000019_SP000046" VPOS="689" WIDTH="24"/><String CONTENT="punition" HEIGHT="41" HPOS="538" ID="PAG_00000019_ST000056" VPOS="679" WC="0.8174999952" WIDTH="152"/><SP HPOS="691" ID="PAG_00000019_SP000047" VPOS="689" WIDTH="23"/><String CONTENT="qu’elle" HEIGHT="41" HPOS="715" ID="PAG_00000019_ST000057" VPOS="678" WC="0.8571428657" WIDTH="118"/></TextLine>
<TextLine HEIGHT="41" HPOS="166" ID="PAG_00000019_TL000011" VPOS="734" WIDTH="670"><String CONTENT="avait" HEIGHT="30" HPOS="166" ID="PAG_00000019_ST000058" VPOS="736" WC="0.8640000224" WIDTH="84"/><SP HPOS="251" ID="PAG_00000019_SP000048" VPOS="740" WIDTH="37"/><String CONTENT="reçue," HEIGHT="29" HPOS="289" ID="PAG_00000019_ST000059" VPOS="746" WC="0.8833333254" WIDTH="116"/><SP HPOS="406" ID="PAG_00000019_SP000049" VPOS="736" WIDTH="38"/><String CONTENT="l’avait" HEIGHT="32" HPOS="445" ID="PAG_00000019_ST000060" VPOS="734" WC="0.7728571296" WIDTH="107"/><SP HPOS="553" ID="PAG_00000019_SP000050" VPOS="740" WIDTH="33"/><String CONTENT="attérée." HEIGHT="31" HPOS="587" ID="PAG_00000019_ST000061" VPOS="735" WC="0.6587499976" WIDTH="128"/><SP HPOS="716" ID="PAG_00000019_SP000051" VPOS="735" WIDTH="42"/><String CONTENT="Bien" HEIGHT="31" HPOS="759" ID="PAG_00000019_ST000062" VPOS="735" WC="0.4774999917" WIDTH="77"/></TextLine>
<TextLine HEIGHT="43" HPOS="166" ID="PAG_00000019_TL000012" VPOS="792" WIDTH="670"><String CONTENT="résolue" HEIGHT="31" HPOS="166" ID="PAG_00000019_ST000063" VPOS="792" WC="0.7657142878" WIDTH="127"/><SP HPOS="294" ID="PAG_00000019_SP000052" VPOS="793" WIDTH="36"/><String CONTENT="de" HEIGHT="31" HPOS="331" ID="PAG_00000019_ST000064" VPOS="793" WC="0.7900000215" WIDTH="39"/><SP HPOS="371" ID="PAG_00000019_SP000053" VPOS="804" WIDTH="34"/><String CONTENT="ne" HEIGHT="21" HPOS="406" ID="PAG_00000019_ST000065" VPOS="803" WC="0.6600000262" WIDTH="40"/><SP HPOS="447" ID="PAG_00000019_SP000054" VPOS="803" WIDTH="22"/><String CONTENT="plus" HEIGHT="41" HPOS="470" ID="PAG_00000019_ST000066" VPOS="794" WC="0.7300000191" WIDTH="75"/><SP HPOS="546" ID="PAG_00000019_SP000055" VPOS="794" WIDTH="21"/><String CONTENT="leur" HEIGHT="30" HPOS="568" ID="PAG_00000019_ST000067" VPOS="794" WC="0.8125" WIDTH="72"/><SP HPOS="641" ID="PAG_00000019_SP000056" VPOS="803" WIDTH="31"/><String CONTENT="causer" HEIGHT="21" HPOS="673" ID="PAG_00000019_ST000068" VPOS="803" WC="0.9499999881" WIDTH="113"/><SP HPOS="787" ID="PAG_00000019_SP000057" VPOS="793" WIDTH="18"/><String CONTENT="le" HEIGHT="31" HPOS="806" ID="PAG_00000019_ST000069" VPOS="793" WC="0.7900000215" WIDTH="30"/></TextLine>
<TextLine HEIGHT="41" HPOS="168" ID="PAG_00000019_TL000013" VPOS="851" WIDTH="670"><String CONTENT="moindre" HEIGHT="31" HPOS="168" ID="PAG_00000019_ST000070" VPOS="851" WC="0.8528571725" WIDTH="153"/><SP HPOS="322" ID="PAG_00000019_SP000058" VPOS="851" WIDTH="44"/><String CONTENT="désagrément," HEIGHT="41" HPOS="367" ID="PAG_00000019_ST000071" VPOS="851" WC="0.7124999762" WIDTH="244"/><SP HPOS="612" ID="PAG_00000019_SP000059" VPOS="862" WIDTH="43"/><String CONTENT="on" HEIGHT="20" HPOS="656" ID="PAG_00000019_ST000072" VPOS="862" WC="1" WIDTH="43"/><SP HPOS="700" ID="PAG_00000019_SP000060" VPOS="853" WIDTH="29"/><String CONTENT="la" HEIGHT="29" HPOS="730" ID="PAG_00000019_ST000073" VPOS="853" WC="0.6499999762" WIDTH="31"/><SP HPOS="762" ID="PAG_00000019_SP000061" VPOS="862" WIDTH="27"/><String CONTENT="vit" HEIGHT="31" HPOS="790" ID="PAG_00000019_ST000074" VPOS="852" WC="0.5866666436" WIDTH="48"/></TextLine>
<TextLine HEIGHT="33" HPOS="169" ID="PAG_00000019_TL000014" VPOS="907" WIDTH="666"><String CONTENT="veiller" HEIGHT="31" HPOS="169" ID="PAG_00000019_ST000075" VPOS="909" WC="0.8085714579" WIDTH="111"/><SP HPOS="281" ID="PAG_00000019_SP000062" VPOS="919" WIDTH="16"/><String CONTENT="constamment" HEIGHT="26" HPOS="298" ID="PAG_00000019_ST000076" VPOS="914" WC="0.6999999881" WIDTH="240"/><SP HPOS="539" ID="PAG_00000019_SP000063" VPOS="914" WIDTH="12"/><String CONTENT="sur" HEIGHT="21" HPOS="552" ID="PAG_00000019_ST000077" VPOS="919" WC="0.7533333302" WIDTH="54"/><SP HPOS="607" ID="PAG_00000019_SP000064" VPOS="919" WIDTH="22"/><String CONTENT="elle-même" HEIGHT="33" HPOS="630" ID="PAG_00000019_ST000078" VPOS="907" WC="0.8555555344" WIDTH="185"/><SP HPOS="816" ID="PAG_00000019_SP000065" VPOS="919" WIDTH="10"/><String CONTENT=":" HEIGHT="18" HPOS="827" ID="PAG_00000019_ST000079" VPOS="921" WC="1" WIDTH="8"/></TextLine>
<TextLine HEIGHT="43" HPOS="168" ID="PAG_00000019_TL000015" VPOS="965" WIDTH="670"><String CONTENT="dès-lors," HEIGHT="39" HPOS="168" ID="PAG_00000019_ST000080" VPOS="966" WC="0.8333333135" WIDTH="155"/><SP HPOS="324" ID="PAG_00000019_SP000066" VPOS="978" WIDTH="25"/><String CONTENT="chez" HEIGHT="30" HPOS="350" ID="PAG_00000019_ST000081" VPOS="967" WC="0.5799999833" WIDTH="76"/><SP HPOS="427" ID="PAG_00000019_SP000067" VPOS="977" WIDTH="20"/><String CONTENT="elle" HEIGHT="29" HPOS="448" ID="PAG_00000019_ST000082" VPOS="968" WC="0.9725000262" WIDTH="59"/><SP HPOS="508" ID="PAG_00000019_SP000068" VPOS="977" WIDTH="10"/><String CONTENT="plus" HEIGHT="41" HPOS="519" ID="PAG_00000019_ST000083" VPOS="967" WC="0.8824999928" WIDTH="74"/><SP HPOS="594" ID="PAG_00000019_SP000069" VPOS="966" WIDTH="14"/><String CONTENT="de" HEIGHT="30" HPOS="609" ID="PAG_00000019_ST000084" VPOS="966" WC="1" WIDTH="39"/><SP HPOS="649" ID="PAG_00000019_SP000070" VPOS="976" WIDTH="15"/><String CONTENT="ces" HEIGHT="21" HPOS="665" ID="PAG_00000019_ST000085" VPOS="976" WC="0.9833333492" WIDTH="51"/><SP HPOS="717" ID="PAG_00000019_SP000071" VPOS="965" WIDTH="13"/><String CONTENT="étour" HEIGHT="31" HPOS="731" ID="PAG_00000019_ST000086" SUBS_CONTENT="étourderies" SUBS_TYPE="HypPart1" VPOS="965" WC="0.8600000143" WIDTH="92"/><HYP CONTENT="­"/></TextLine>
<TextLine HEIGHT="42" HPOS="168" ID="PAG_00000019_TL000016" VPOS="1021" WIDTH="670"><String CONTENT="deries" HEIGHT="31" HPOS="168" ID="PAG_00000019_ST000087" SUBS_CONTENT="étourderies" SUBS_TYPE="HypPart2" VPOS="1023" WC="0.8316666484" WIDTH="101"/><SP HPOS="270" ID="PAG_00000019_SP000072" VPOS="1034" WIDTH="26"/><String CONTENT="si" HEIGHT="29" HPOS="297" ID="PAG_00000019_ST000088" VPOS="1024" WC="0.4499999881" WIDTH="27"/><SP HPOS="325" ID="PAG_00000019_SP000073" VPOS="1022" WIDTH="28"/><String CONTENT="familières" HEIGHT="32" HPOS="354" ID="PAG_00000019_ST000089" VPOS="1022" WC="0.9029999971" WIDTH="172"/><SP HPOS="527" ID="PAG_00000019_SP000074" VPOS="1023" WIDTH="21"/><String CONTENT="à" HEIGHT="29" HPOS="549" ID="PAG_00000019_ST000090" VPOS="1023" WC="0.1599999964" WIDTH="19"/><SP HPOS="569" ID="PAG_00000019_SP000075" VPOS="1023" WIDTH="28"/><String CONTENT="son" HEIGHT="21" HPOS="598" ID="PAG_00000019_ST000091" VPOS="1032" WC="0.9399999976" WIDTH="57"/><SP HPOS="656" ID="PAG_00000019_SP000076" VPOS="1021" WIDTH="27"/><String CONTENT="âge" HEIGHT="42" HPOS="684" ID="PAG_00000019_ST000092" VPOS="1021" WC="0.5233333111" WIDTH="56"/><SP HPOS="741" ID="PAG_00000019_SP000077" VPOS="1032" WIDTH="14"/><String CONTENT=";" HEIGHT="27" HPOS="756" ID="PAG_00000019_ST000093" VPOS="1035" WC="0.2700000107" WIDTH="9"/><SP HPOS="766" ID="PAG_00000019_SP000078" VPOS="1032" WIDTH="28"/><String CONTENT="on" HEIGHT="21" HPOS="795" ID="PAG_00000019_ST000094" VPOS="1032" WC="1" WIDTH="43"/></TextLine>
<TextLine HEIGHT="42" HPOS="170" ID="PAG_00000019_TL000017" VPOS="1081" WIDTH="668"><String CONTENT="apercevait" HEIGHT="42" HPOS="170" ID="PAG_00000019_ST000095" VPOS="1081" WC="0.8859999776" WIDTH="183"/><SP HPOS="354" ID="PAG_00000019_SP000079" VPOS="1086" WIDTH="21"/><String CONTENT="sur" HEIGHT="20" HPOS="376" ID="PAG_00000019_ST000096" VPOS="1091" WC="0.6499999762" WIDTH="53"/><SP HPOS="430" ID="PAG_00000019_SP000080" VPOS="1091" WIDTH="14"/><String CONTENT="sa" HEIGHT="20" HPOS="445" ID="PAG_00000019_ST000097" VPOS="1091" WC="0.3249999881" WIDTH="33"/><SP HPOS="479" ID="PAG_00000019_SP000081" VPOS="1091" WIDTH="20"/><String CONTENT="physionomie" HEIGHT="41" HPOS="500" ID="PAG_00000019_ST000098" VPOS="1081" WC="0.7072727084" WIDTH="228"/><SP HPOS="729" ID="PAG_00000019_SP000082" VPOS="1091" WIDTH="17"/><String CONTENT="quel" HEIGHT="41" HPOS="747" ID="PAG_00000019_ST000099" SUBS_CONTENT="quelque" SUBS_TYPE="HypPart1" VPOS="1081" WC="0.8949999809" WIDTH="77"/><HYP CONTENT="­"/></TextLine>
<TextLine HEIGHT="43" HPOS="171" ID="PAG_00000019_TL000018" VPOS="1138" WIDTH="667"><String CONTENT="que" HEIGHT="31" HPOS="171" ID="PAG_00000019_ST000100" SUBS_CONTENT="quelque" SUBS_TYPE="HypPart2" VPOS="1150" WC="0.8566666842" WIDTH="63"/><SP HPOS="235" ID="PAG_00000019_SP000083" VPOS="1150" WIDTH="34"/><String CONTENT="chose" HEIGHT="31" HPOS="270" ID="PAG_00000019_ST000101" VPOS="1139" WC="0.7480000257" WIDTH="96"/><SP HPOS="367" ID="PAG_00000019_SP000084" VPOS="1139" WIDTH="27"/><String CONTENT="de" HEIGHT="30" HPOS="395" ID="PAG_00000019_ST000102" VPOS="1139" WC="1" WIDTH="38"/><SP HPOS="434" ID="PAG_00000019_SP000085" VPOS="1149" WIDTH="19"/><String CONTENT="réfléchi" HEIGHT="31" HPOS="454" ID="PAG_00000019_ST000103" VPOS="1138" WC="0.7262499928" WIDTH="132"/><SP HPOS="587" ID="PAG_00000019_SP000086" VPOS="1139" WIDTH="33"/><String CONTENT="et" HEIGHT="26" HPOS="621" ID="PAG_00000019_ST000104" VPOS="1144" WC="0.9700000286" WIDTH="31"/><SP HPOS="653" ID="PAG_00000019_SP000087" VPOS="1140" WIDTH="26"/><String CONTENT="de" HEIGHT="30" HPOS="680" ID="PAG_00000019_ST000105" VPOS="1140" WC="1" WIDTH="38"/><SP HPOS="719" ID="PAG_00000019_SP000088" VPOS="1140" WIDTH="29"/><String CONTENT="doux" HEIGHT="30" HPOS="749" ID="PAG_00000019_ST000106" VPOS="1140" WC="0.6825000048" WIDTH="89"/></TextLine>
<TextLine HEIGHT="41" HPOS="169" ID="PAG_00000019_TL000019" VPOS="1195" WIDTH="665"><String CONTENT="à" HEIGHT="31" HPOS="169" ID="PAG_00000019_ST000107" VPOS="1197" WC="0.2700000107" WIDTH="18"/><SP HPOS="188" ID="PAG_00000019_SP000089" VPOS="1197" WIDTH="8"/><String CONTENT="la" HEIGHT="30" HPOS="197" ID="PAG_00000019_ST000108" VPOS="1198" WC="0.7200000286" WIDTH="30"/><SP HPOS="228" ID="PAG_00000019_SP000090" VPOS="1196" WIDTH="22"/><String CONTENT="fois" HEIGHT="32" HPOS="251" ID="PAG_00000019_ST000109" VPOS="1196" WC="0.6825000048" WIDTH="59"/><SP HPOS="311" ID="PAG_00000019_SP000091" VPOS="1207" WIDTH="14"/><String CONTENT=";" HEIGHT="27" HPOS="326" ID="PAG_00000019_ST000110" VPOS="1209" WC="0.2599999905" WIDTH="9"/><SP HPOS="336" ID="PAG_00000019_SP000092" VPOS="1207" WIDTH="23"/><String CONTENT="autant" HEIGHT="26" HPOS="360" ID="PAG_00000019_ST000111" VPOS="1201" WC="0.5183333158" WIDTH="113"/><SP HPOS="474" ID="PAG_00000019_SP000093" VPOS="1201" WIDTH="19"/><String CONTENT="elle" HEIGHT="31" HPOS="494" ID="PAG_00000019_ST000112" VPOS="1197" WC="0.9800000191" WIDTH="59"/><SP HPOS="554" ID="PAG_00000019_SP000094" VPOS="1207" WIDTH="22"/><String CONTENT="avait" HEIGHT="31" HPOS="577" ID="PAG_00000019_ST000113" VPOS="1197" WC="0.7440000176" WIDTH="83"/><SP HPOS="661" ID="PAG_00000019_SP000095" VPOS="1196" WIDTH="17"/><String CONTENT="été" HEIGHT="33" HPOS="679" ID="PAG_00000019_ST000114" VPOS="1195" WC="0.5166666508" WIDTH="49"/><SP HPOS="729" ID="PAG_00000019_SP000096" VPOS="1195" WIDTH="11"/><String CONTENT="vive" HEIGHT="32" HPOS="741" ID="PAG_00000019_ST000115" VPOS="1197" WC="0.6899999976" WIDTH="70"/><SP HPOS="812" ID="PAG_00000019_SP000097" VPOS="1208" WIDTH="11"/><String CONTENT="," HEIGHT="16" HPOS="824" ID="PAG_00000019_ST000116" VPOS="1219" WC="0.6299999952" WIDTH="10"/></TextLine>
<TextLine HEIGHT="41" HPOS="169" ID="PAG_00000019_TL000020" VPOS="1253" WIDTH="669"><String CONTENT="violente" HEIGHT="32" HPOS="169" ID="PAG_00000019_ST000117" VPOS="1256" WC="0.4787499905" WIDTH="139"/><SP HPOS="309" ID="PAG_00000019_SP000098" VPOS="1265" WIDTH="29"/><String CONTENT="même," HEIGHT="41" HPOS="339" ID="PAG_00000019_ST000118" VPOS="1253" WC="0.3840000033" WIDTH="125"/><SP HPOS="465" ID="PAG_00000019_SP000099" VPOS="1266" WIDTH="38"/><String CONTENT="autant" HEIGHT="28" HPOS="504" ID="PAG_00000019_ST000119" VPOS="1259" WC="0.5183333158" WIDTH="113"/><SP HPOS="618" ID="PAG_00000019_SP000100" VPOS="1260" WIDTH="22"/><String CONTENT="elle" HEIGHT="33" HPOS="641" ID="PAG_00000019_ST000120" VPOS="1255" WC="0.8249999881" WIDTH="59"/><SP HPOS="701" ID="PAG_00000019_SP000101" VPOS="1254" WIDTH="26"/><String CONTENT="devint" HEIGHT="33" HPOS="728" ID="PAG_00000019_ST000121" VPOS="1254" WC="0.6116666794" WIDTH="110"/></TextLine>
<TextLine HEIGHT="46" HPOS="169" ID="PAG_00000019_TL000021" VPOS="1312" WIDTH="665"><String CONTENT="calme" HEIGHT="34" HPOS="169" ID="PAG_00000019_ST000122" VPOS="1314" WC="0.3440000117" WIDTH="103"/><SP HPOS="273" ID="PAG_00000019_SP000102" VPOS="1324" WIDTH="21"/><String CONTENT="et" HEIGHT="29" HPOS="295" ID="PAG_00000019_ST000123" VPOS="1318" WC="0.7200000286" WIDTH="32"/><SP HPOS="328" ID="PAG_00000019_SP000103" VPOS="1318" WIDTH="14"/><String CONTENT="palleute." HEIGHT="45" HPOS="343" ID="PAG_00000019_ST000124" VPOS="1313" WC="0.3655555546" WIDTH="155"/><SP HPOS="499" ID="PAG_00000019_SP000104" VPOS="1313" WIDTH="24"/><String CONTENT="Un" HEIGHT="34" HPOS="524" ID="PAG_00000019_ST000125" VPOS="1313" WC="0.3149999976" WIDTH="51"/><SP HPOS="576" ID="PAG_00000019_SP000105" VPOS="1313" WIDTH="16"/><String CONTENT="jour," HEIGHT="45" HPOS="593" ID="PAG_00000019_ST000126" VPOS="1313" WC="0.4440000057" WIDTH="94"/><SP HPOS="688" ID="PAG_00000019_SP000106" VPOS="1322" WIDTH="26"/><String CONTENT="une" HEIGHT="24" HPOS="715" ID="PAG_00000019_ST000127" VPOS="1322" WC="0.349999994" WIDTH="64"/><SP HPOS="780" ID="PAG_00000019_SP000107" VPOS="1312" WIDTH="15"/><String CONTENT="de" HEIGHT="35" HPOS="796" ID="PAG_00000019_ST000128" VPOS="1312" WC="0.3899999857" WIDTH="38"/></TextLine>
</TextBlock>
</PrintSpace>
</Page>
</Layout>
</alto>